date,Israel,Italy,Iran,India,Brazil,US,Russia,France,Mexico,Sweden,UK,Denmark,Australia,China
null,null,null,null,null,null,null,null,null,null,null,null,null,null,null
1/22/2020,null,null,null,null,null,1,null,null,null,null,null,null,null,548
1/23/2020,null,null,null,null,null,1,null,null,null,null,null,null,null,641
1/24/2020,null,null,null,null,null,2,null,2,null,null,null,null,null,918
1/25/2020,null,null,null,null,null,2,null,3,null,null,null,null,null,1401
1/26/2020,null,null,null,null,null,5,null,3,null,null,null,null,4,2067
1/27/2020,null,null,null,null,null,5,null,3,null,null,null,null,5,2869
1/28/2020,null,null,null,null,null,5,null,4,null,null,null,null,5,5501
1/29/2020,null,null,null,null,null,6,null,5,null,null,null,null,6,6077
1/30/2020,null,null,null,1,null,6,null,5,null,null,null,null,9,8131
1/31/2020,null,2,null,1,null,8,2,5,null,null,2,null,9,9790
2/1/2020,null,2,null,1,null,8,2,6,null,1,2,null,12,11878
2/2/2020,null,2,null,2,null,8,2,6,null,1,2,null,12,16615
2/3/2020,null,2,null,3,null,11,2,6,null,1,8,null,12,19701
2/4/2020,null,2,null,3,null,11,2,6,null,1,8,null,13,23690
2/5/2020,null,2,null,3,null,11,2,6,null,1,9,null,13,27419
2/6/2020,null,2,null,3,null,12,2,6,null,1,9,null,14,30563
2/7/2020,null,3,null,3,null,12,2,6,null,1,9,null,15,34085
2/8/2020,null,3,null,3,null,12,2,11,null,1,13,null,15,36788
2/9/2020,null,3,null,3,null,12,2,11,null,1,14,null,15,39800
2/10/2020,null,3,null,3,null,12,2,11,null,1,14,null,15,42316
2/11/2020,null,3,null,3,null,13,2,11,null,1,15,null,15,44337
2/12/2020,null,3,null,3,null,13,2,11,null,1,16,null,15,44709
2/13/2020,null,3,null,3,null,14,2,11,null,1,17,null,15,59842
2/14/2020,null,3,null,3,null,14,2,11,null,1,18,null,15,66302
2/15/2020,null,3,null,3,null,14,2,12,null,1,18,null,15,68357
2/16/2020,null,3,null,3,null,14,2,12,null,1,18,null,15,70456
2/17/2020,null,3,null,3,null,14,2,12,null,1,19,null,15,72374
2/18/2020,null,3,null,3,null,14,2,12,null,1,19,null,15,74149
2/19/2020,null,3,2,3,null,14,2,12,null,1,20,null,15,74556
2/20/2020,null,3,5,3,null,14,2,12,null,1,22,null,15,75009
2/21/2020,1,20,18,3,null,16,2,12,null,1,23,null,15,75482
2/22/2020,1,62,28,3,null,16,2,12,null,1,23,null,15,76932
2/23/2020,1,155,43,3,null,16,2,12,null,1,28,null,15,76948
2/24/2020,1,229,61,3,null,16,2,12,null,1,30,null,15,77162
2/25/2020,1,322,95,3,null,16,2,14,null,1,34,null,15,77670
2/26/2020,2,453,139,3,1,16,2,18,null,2,37,null,15,78075
2/27/2020,3,655,245,3,1,17,2,38,null,3,44,1,15,78508
2/28/2020,6,888,388,3,1,17,2,57,1,11,56,1,15,78834
2/29/2020,6,1128,593,3,2,25,2,100,4,14,61,3,25,79261
3/1/2020,7,1694,978,3,2,32,2,130,5,14,94,4,27,79836
3/2/2020,12,2036,1501,5,2,55,3,191,5,19,134,4,30,80036
3/3/2020,15,2502,2336,5,2,74,3,212,5,32,189,6,39,80161
3/4/2020,15,3089,2922,28,4,107,3,288,5,62,246,11,52,80281
3/5/2020,21,3858,3513,30,4,184,4,426,5,87,295,11,55,80432
3/6/2020,37,4636,4747,31,13,237,13,616,6,146,374,24,60,80583
3/7/2020,47,5883,5823,34,13,403,13,948,6,179,429,24,63,80662
3/8/2020,56,7375,6566,39,20,519,17,1125,7,225,483,37,76,80709
3/9/2020,60,9172,7161,43,25,594,17,1411,7,326,630,92,91,80745
3/10/2020,88,10149,8042,56,31,782,20,1783,7,424,889,264,107,80767
3/11/2020,60,12462,9000,62,38,1147,20,2293,8,620,1301,444,128,80795
3/12/2020,81,15113,10075,73,52,1586,28,2293,12,771,1790,617,128,80803
3/13/2020,112,17660,11364,82,151,2219,45,3681,26,923,2270,804,200,80811
3/14/2020,138,21157,12729,102,151,2978,59,4496,41,994,2634,836,250,80837
3/15/2020,177,24747,13938,113,162,3212,63,4532,53,1063,3077,875,297,80858
3/16/2020,251,27980,14991,119,200,4679,90,6683,82,1146,3692,933,377,80878
3/17/2020,295,31506,16169,142,321,6512,114,7715,93,1265,4462,1025,452,80896
3/18/2020,371,35713,17361,156,372,9169,147,9124,118,1410,5468,1116,568,80921
3/19/2020,386,41035,18407,194,621,13663,199,10970,164,1553,6534,1225,681,80948
3/20/2020,628,47021,19644,244,793,20030,253,12758,203,1733,7792,1337,791,80994
3/21/2020,843,53578,20610,330,1021,26025,306,14463,251,1868,9007,1420,1071,81032
3/22/2020,1080,59138,21638,396,1546,34944,367,16761,316,1986,10395,1514,1549,81118
3/23/2020,1249,63927,23049,499,1924,46096,438,20120,367,2168,12744,1572,1682,81142
3/24/2020,1351,69176,24811,536,2247,56714,495,22372,405,2398,15126,1718,2044,81205
3/25/2020,2468,74386,27017,657,2554,68841,658,25331,475,2712,17843,1862,2364,81251
3/26/2020,2988,80589,29406,727,2985,86662,840,29252,585,2998,20970,2023,2810,81329
3/27/2020,3421,86498,32332,887,3417,105253,1036,33045,717,3363,24219,2200,3143,81378
3/28/2020,3901,92472,35408,987,3904,127417,1264,37693,848,3663,27062,2366,3640,81438
3/29/2020,4433,97689,38309,1024,4256,143544,1534,40296,993,3943,29954,2564,3984,81481
3/30/2020,4979,101739,41495,1251,4579,165698,1836,44645,1094,4359,34281,2755,4361,81516
3/31/2020,5717,105792,44605,1397,5717,192079,2337,52281,1215,4834,38815,3039,4559,81565
4/1/2020,6413,110574,47593,1998,6836,224312,2777,57125,1378,5320,43789,3290,4862,81596
4/2/2020,7132,115242,50468,2543,8044,256542,3548,59227,1510,5874,48718,3573,5116,81630
4/3/2020,7729,119827,53183,2567,9056,289024,4149,64452,1688,6475,53699,3946,5330,81666
4/4/2020,8157,124632,55743,3082,10360,321200,4731,47376,1890,6832,57772,4269,5550,81681
4/5/2020,8740,128948,58226,3588,11130,350804,5389,48225,2143,7172,61422,4561,5687,81712
4/6/2020,9191,132547,60500,4778,12161,382662,6343,50884,2439,7561,66738,4875,5797,81751
4/7/2020,9568,135586,62589,5311,14034,413005,7497,47395,2785,8299,72224,5266,5895,81783
4/8/2020,9906,139422,64586,5916,16170,444153,8672,51250,3181,8954,77387,5597,6010,81849
4/9/2020,10249,143626,66220,6725,18092,480596,10131,55034,3441,9599,82293,5830,6108,81910
4/10/2020,10607,147577,68192,7598,19638,514943,11917,56600,3844,10053,86660,6014,6215,81952
4/11/2020,10952,152271,70029,8446,20727,544221,13584,58045,4219,10448,90273,6191,6303,82014
4/12/2020,11504,156363,71686,9205,22192,571093,15770,108792,4661,10912,93812,6369,6315,82130
4/13/2020,11942,159516,73303,10453,23430,598017,18328,111933,5014,11349,98017,6513,6351,82204
4/14/2020,12341,162488,74877,11487,25262,626412,21102,129381,5399,11828,102365,6706,6415,82294
4/15/2020,12652,165155,76389,12322,28320,652312,24490,132588,5847,12432,107465,6876,6440,82339
4/16/2020,12948,168941,77995,13430,30425,682268,27938,145166,6297,13055,112808,7074,6462,82386
4/17/2020,13246,172434,79494,14352,33682,715425,32008,147057,6875,13743,117798,7268,6522,82739
4/18/2020,13537,175925,80868,15722,36658,743419,36793,150861,7497,14275,122534,7437,6568,82763
4/19/2020,13813,178972,82211,17615,38654,769342,42853,151955,8261,14663,126394,7580,6610,82780
4/20/2020,14112,181228,83505,18539,40743,799022,47121,154402,8772,15124,131260,7711,6623,82792
4/21/2020,14394,183957,84802,20080,43079,825192,52763,157068,9501,15831,136035,7891,6645,82824
4/22/2020,14619,187327,85996,21370,45757,854611,57999,158867,10544,16553,141540,8108,6652,82835
4/23/2020,14895,189973,87026,23077,50036,887380,62773,157158,11633,17311,146708,8271,6662,82849
4/24/2020,15143,192994,88194,24530,54043,919531,68622,159969,12872,18090,151689,8408,6677,82864
4/25/2020,15302,195351,89328,26283,59324,950525,74588,161647,13842,18563,155453,8643,6694,82872
4/26/2020,15385,197675,90481,27890,63100,977072,80949,162280,14677,18863,158926,8773,6714,82875
4/27/2020,15513,199414,91472,29451,67446,1000822,87147,165966,15529,19426,163630,8896,6721,82881
4/28/2020,15672,201505,92584,31324,73235,1025512,93558,169098,16752,20168,168357,9049,6744,82903
4/29/2020,15754,203591,93657,33062,79685,1051733,99399,167643,17799,20966,173807,9206,6752,82907
4/30/2020,15896,205463,94640,34863,87187,1080974,106498,168861,19224,21601,178771,9356,6766,82919
5/1/2020,16012,207428,95646,37257,92202,1115995,114431,169387,20739,22133,183501,9509,6778,82920
5/2/2020,16069,209328,96448,39699,97100,1143819,124054,170179,22088,22432,186731,9605,6799,82920
5/3/2020,16096,210717,97424,42505,101826,1168311,134687,170540,23471,22693,189708,9721,6822,82925
5/4/2020,16149,211938,98647,46437,108620,1192024,145268,171102,24905,23169,193091,9868,6847,82926
5/5/2020,16181,213013,99970,49400,115455,1216353,155370,172219,26025,23826,196780,10019,6875,82928
5/6/2020,16246,214457,101650,52987,126611,1240616,165929,176355,27634,24572,200616,10136,6894,82930
5/7/2020,16307,215858,103135,56351,135773,1268273,177160,177096,29616,25359,204387,10281,6913,82931
5/8/2020,16340,217185,104691,59695,146894,1295545,187859,177627,31522,26059,207439,10416,6918,82932
5/9/2020,16359,218268,106220,62808,156061,1319991,198676,178155,33460,26568,209589,10517,6939,82946
5/10/2020,16388,219070,107603,67161,162699,1339139,209688,178404,35022,26846,211911,10627,6948,82963
5/11/2020,16427,219814,109286,70768,169594,1358173,221344,178719,36327,27301,215500,10711,6970,82964
5/12/2020,16450,221216,110767,74292,178214,1381016,232243,179472,38324,28055,218895,10789,6980,82971
5/13/2020,16489,222104,112725,78055,190137,1401592,242271,179993,40186,28755,222195,10865,6989,82974
5/14/2020,16511,223096,114533,81997,203165,1428124,252245,180635,42595,29415,224813,10911,7019,82978
5/15/2020,16523,223885,116635,85784,220291,1452945,262843,181148,45032,30103,227334,10989,7035,82986
5/16/2020,16528,224760,118392,90648,233511,1477178,272043,181563,47144,30461,229406,11056,7044,82992
5/17/2020,16543,225435,120198,95698,241080,1495976,281752,181703,49219,30720,231232,11125,7054,82999
5/18/2020,16570,225886,122492,100328,255368,1518110,290678,182147,51633,31151,233809,11166,7068,83008
5/19/2020,16592,226699,124603,106475,271885,1538870,299941,182648,54346,31818,236867,11242,7072,83008
5/20/2020,16607,227364,126949,112028,291579,1561592,308705,183129,56594,32626,239579,11315,7081,83008
5/21/2020,16624,228006,129341,118226,310087,1587398,317554,183396,59567,33236,242133,11380,7095,83008
5/22/2020,16643,228658,131652,124794,330890,1611017,326448,184152,62527,33768,244174,11428,7099,83016
5/23/2020,16648,229327,133521,131423,347398,1631996,335882,184698,65856,34171,245682,11487,7114,83019
5/24/2020,16661,229858,135701,138536,363211,1652587,344481,184259,68620,34381,247037,11559,7114,83030
5/25/2020,16683,230158,137724,144950,374898,1671240,353427,184584,71105,34871,248650,11586,7126,83037
5/26/2020,16733,230555,139511,150793,391222,1689816,362342,184839,74560,35617,250309,11627,7139,83038
5/27/2020,16773,231139,141591,158086,411821,1709222,370680,185012,78023,36417,252118,11680,7150,83040
5/28/2020,16850,231732,143849,165386,438238,1730868,379051,188355,81400,37191,253854,11712,7165,83040
5/29/2020,16963,232248,146668,173491,465166,1755603,387623,188949,84627,37964,255362,11793,7184,83044
5/30/2020,16992,232664,148950,181827,498440,1779687,396575,190743,87512,38396,256469,11833,7192,83046
5/31/2020,17079,232997,151466,190609,514849,1799141,405843,190975,90664,38661,257539,11869,7202,83062
6/1/2020,17179,233197,154445,198370,526447,1816106,414328,191382,93435,39309,258983,11899,7221,83067
6/2/2020,17300,233515,157562,207191,555383,1837389,423186,190735,97326,40210,260453,11934,7229,83068
6/3/2020,17397,233836,160696,216824,584016,1857160,431715,187509,101238,41256,261802,11971,7240,83067
6/4/2020,17539,234013,164270,226713,614941,1878883,440538,191869,105680,42295,263040,12011,7247,83072
6/5/2020,17666,234531,167156,236184,645771,1903884,449256,192450,110026,43441,264150,12075,7252,83075
6/6/2020,17744,234801,169425,246622,672846,1925182,458102,193022,113619,44224,264944,12124,7259,83081
6/7/2020,17884,234998,171789,257486,691758,1943595,467073,193363,117103,44686,265662,12148,7265,83085
6/8/2020,18063,235278,173832,265928,707412,1960099,476043,193637,120102,45363,266756,12162,7267,83088
6/9/2020,18236,235561,175927,276146,739503,1978191,484630,194190,124301,46299,267915,12201,7274,83091
6/10/2020,18476,235763,177938,286605,772416,1999259,493023,194815,129184,47736,269101,12216,7285,83102
6/11/2020,18667,236142,180156,297535,802828,2021641,501800,195179,133974,49030,270108,12235,7289,83109
6/12/2020,18851,236305,182525,308993,828810,2046967,510761,195980,139196,50367,271162,12299,7294,83120
6/13/2020,19000,236651,184955,320922,850514,2071939,519458,196477,142690,51409,272050,12339,7320,83177
6/14/2020,19136,236989,187427,332424,867624,2091359,528267,196867,146837,51827,272857,12393,7335,83226
6/15/2020,19334,237290,189876,343091,888271,2109881,536484,197003,150264,52511,273888,12417,7347,83266
6/16/2020,19634,237500,192439,354065,923189,2133720,544725,197666,154863,53729,274971,12450,7370,83310
6/17/2020,19905,237828,195051,366946,955377,2161109,552549,198155,159793,55186,275970,12494,7391,83338
6/18/2020,20207,238159,197647,380532,978142,2189424,560321,198741,165455,56682,276990,12544,7409,83370
6/19/2020,20517,238011,200262,395048,1032913,2221121,568292,199528,170485,57895,277974,12591,7411,83370
6/20/2020,20676,238275,202584,410451,1067579,2253734,576162,200147,175202,58597,278640,12591,7461,83425
6/21/2020,20849,238499,204952,425282,1083341,2279923,583879,200490,180545,58918,279264,12591,7474,83441
6/22/2020,21194,238720,207525,440215,1106470,2310896,591465,200632,185122,59718,280156,12727,7492,83463
6/23/2020,21645,238833,209970,456183,1145906,2348118,598878,201330,191410,61030,281038,12761,7521,83476
6/24/2020,22132,239410,212501,473105,1188631,2384349,606043,201598,196847,62728,281815,12815,7558,83494
6/25/2020,22648,239706,215096,490401,1228114,2424717,613148,201853,202951,64009,282512,12836,7595,83508
6/26/2020,23112,239961,217724,508953,1274974,2470927,619936,203116,208392,65212,283151,12875,7601,83529
6/27/2020,23510,240136,220180,528859,1313667,2512664,626779,203564,212802,65972,283785,12875,7686,83546
6/28/2020,23895,240310,222669,548318,1344143,2554526,633563,203157,216852,66392,284192,12875,7764,83558
6/29/2020,24652,240436,225205,566840,1368195,2594167,640246,203802,220657,67119,284812,12951,7834,83577
6/30/2020,25438,240578,227662,585481,1402041,2642479,646929,204244,226089,67924,285216,12968,7920,83580
7/1/2020,26410,240760,230211,604641,1448753,2694045,653479,205234,231770,68608,285279,12994,8001,83583
7/2/2020,27556,240961,232863,625544,1496858,2750392,660231,205773,238511,69297,285285,13015,8066,83588
7/3/2020,28495,241184,235429,648315,1539081,2803012,666941,206312,245251,69996,285787,13032,8260,83591
7/4/2020,29316,241419,237878,673165,1577004,2851958,673564,206670,252165,70366,286412,13032,8443,83599
7/5/2020,30147,241611,240438,697413,1603055,2902393,680283,206682,256848,70681,286931,13033,8583,83603
7/6/2020,31281,241819,243051,719664,1623284,2945194,686852,207700,261750,70932,287290,13079,8755,83604
7/7/2020,32671,241956,245688,742417,1668589,3004051,693215,208154,268008,71210,287874,13089,8886,83618
7/8/2020,33998,242149,248379,767296,1713160,3063772,699749,208976,275003,71747,288511,13101,9056,83627
7/9/2020,35523,242363,250458,793802,1755779,3124643,706240,209420,282283,72082,289154,13117,9374,83627
7/10/2020,36932,242639,252720,820916,1800827,3192416,712863,210135,289174,72459,289678,13147,9553,83627
7/11/2020,38100,242827,255117,849522,1839850,3253784,719449,210386,295268,72773,290504,13147,9797,83640
7/12/2020,39338,243061,257303,878254,1864681,3314468,726036,210402,299750,72879,291154,13147,9980,83648
7/13/2020,41058,243230,259652,906752,1884967,3372027,732547,211825,304435,73049,291691,13238,10251,83648
7/14/2020,42662,243344,262173,936181,1926824,3438465,738787,211887,311486,73364,292931,13262,10487,83657
7/15/2020,44539,243506,264561,968857,1966748,3506422,745197,212614,317635,73663,293469,13293,10810,83658
7/16/2020,46478,243736,267061,1003832,2012151,3582445,751612,213183,324041,73936,294116,13325,11233,83672
7/17/2020,48083,243967,269440,1039084,2046328,3654685,758001,214009,331298,74235,294803,13374,11441,83689
7/18/2020,49531,244216,271606,1077781,2074860,3718482,764215,214174,338913,74435,295632,13374,11802,83705
7/19/2020,50547,244434,273788,1118206,2098389,3779929,770311,214178,344224,74545,296358,13377,12069,83726
7/20/2020,52434,244624,276202,1155338,2118646,3840136,776212,216089,349396,74676,296944,13466,12428,83737
7/21/2020,54440,244752,278827,1193078,2159654,3905715,782040,216684,356255,74902,297389,13506,12894,83750
7/22/2020,56484,245032,281413,1238798,2227514,3976095,787890,217605,362274,75199,297952,13554,13302,83775
7/23/2020,58474,245338,284034,1288108,2287475,4044346,793720,218841,370712,75419,298731,13594,13595,83796
7/24/2020,60304,245590,286523,1337024,2343366,4118493,799499,219932,378285,75681,299500,13642,13950,83830
7/25/2020,61416,245864,288839,1385635,2394513,4185488,805332,220016,385036,75819,300270,13643,14403,83876
7/26/2020,62458,246118,291172,1435616,2419091,4241641,811073,220020,390516,75861,301020,13665,14935,83937
7/27/2020,64506,246286,293606,1480073,2442375,4297807,816680,222508,395489,75932,301708,13775,15303,84005
7/28/2020,66631,246488,296273,1531669,2483191,4361493,822060,223072,402697,76215,302261,13811,15582,84106
7/29/2020,68585,246776,298909,1581963,2552265,4429865,827509,224542,408449,76516,303063,13868,16298,84211
7/30/2020,70372,247158,301530,1634746,2610102,4497825,832993,225936,416179,76818,303910,13964,16903,84338
7/31/2020,71734,247537,304204,1695988,2662485,4566294,838461,227239,424637,77076,304793,14028,17280,84383
8/1/2020,72359,247832,306752,1750723,2707877,4625426,843890,227301,434193,77379,305562,14028,17895,84431
8/2/2020,73067,248070,309437,1803695,2733677,4671433,849277,227304,439046,77417,306309,14028,18318,84474
8/3/2020,74867,248229,312035,1855745,2750318,4716712,854641,230665,443813,77582,307251,14235,18730,84510
8/4/2020,76596,248419,314786,1908254,2801921,4771683,859762,231636,449961,77916,307926,14314,19445,84537
8/5/2020,78286,248803,317483,1964536,2859073,4827564,864948,233344,456100,78341,308832,14440,19890,84574
8/6/2020,79963,249204,320117,2027074,2912212,4884794,870187,234945,462690,78719,309796,14586,20272,84611
8/7/2020,81727,249756,322567,2088611,2962442,4945857,875378,237332,469407,79099,310696,14747,20698,84642
8/8/2020,82481,250103,324692,2153010,3012412,5001033,880563,237402,475902,79359,311461,14751,21084,84665
8/9/2020,83405,250566,326712,2215074,3035422,5049170,885718,237408,480278,79432,312574,14759,21397,84714
8/10/2020,85109,250825,328844,2268675,3057470,5094390,890799,242168,485836,79628,313392,15135,21713,84758
8/11/2020,86932,251237,331189,2329638,3109630,5146989,895691,243576,492522,80045,314542,15291,22127,84777
8/12/2020,88554,251713,333699,2396637,3164785,5199791,900745,246180,498380,80489,315581,15423,22358,84802
8/13/2020,90197,252235,336324,2461190,3224876,5251317,905762,248850,505751,80851,316729,15590,22742,84832
8/14/2020,91585,252809,338825,2525922,3275520,5316389,910778,251764,511369,81195,318190,15758,23035,84854
8/15/2020,92342,253438,341070,2589952,3317096,5366045,915808,254974,517714,81421,319232,15867,23287,84873
8/16/2020,93410,253915,343203,2647663,3340197,5406149,920719,257994,522162,81484,320343,16003,23558,84895
8/17/2020,95060,254235,345450,2702681,3359570,5441811,925558,258629,525733,81658,321064,16127,23773,84917
8/18/2020,96709,254636,347835,2767253,3407354,5484715,930276,260748,531239,81972,322177,16246,23989,84934
8/19/2020,98349,255278,350279,2836925,3456652,5528976,935066,264535,537031,82323,323008,16336,24236,84941
8/20/2020,99836,256118,352558,2905825,3501975,5573565,939833,269335,543806,82656,324203,16453,24407,84963
8/21/2020,101329,257065,354764,2975701,3532330,5622354,944671,274289,549734,82954,325263,16525,24602,84985
8/22/2020,102040,258136,356792,3044940,3582362,5666758,949531,277763,556216,83114,326595,16637,24811,84997
8/23/2020,103005,259345,358905,3106348,3605783,5701322,954328,282498,560164,83171,327643,16715,24915,85013
8/24/2020,104905,260298,361150,3167323,3622861,5736196,959016,284474,563705,83353,328620,16821,25053,85027
8/25/2020,106861,261174,363363,3224547,3669995,5777123,963655,288067,568621,83578,329821,16905,25204,85042
8/26/2020,108814,262540,365606,3310234,3717156,5821078,968297,288354,573888,83824,330967,16962,25322,85050
8/27/2020,110885,263949,367796,3387500,3761391,5867064,972972,299580,579914,83958,332509,17052,25448,85059
8/28/2020,112717,265409,369911,3463972,3804803,5913594,977730,307205,585738,83958,333806,17125,25547,85068
8/29/2020,113627,266853,371816,3542733,3846153,5957832,982573,312665,591712,83958,334916,17204,25670,85077
8/30/2020,114728,268218,373570,3621245,3862311,5992760,987470,318047,595841,83958,336668,17316,25746,85094
8/31/2020,116906,269214,375212,3691166,3908272,6025373,992402,321160,599560,84379,338083,17410,25819,85104
9/1/2020,119158,270189,376894,3769523,3950931,6068316,997072,326264,606036,84521,339415,17509,25923,85111
9/2/2020,122351,271515,378752,3853406,3997865,6108957,1001965,333351,610957,84532,340929,17620,26049,85123
9/3/2020,125012,272912,380746,3936747,4041638,6153309,1006923,340473,616894,84729,342708,17800,26136,85148
9/4/2020,127635,274644,382772,4023179,4091801,6203997,1011987,349333,623090,84985,344686,17974,26207,85158
9/5/2020,129140,276338,384666,4113811,4123000,6247505,1017131,357927,629409,84985,346513,18163,26278,85168
9/6/2020,131317,277634,386658,4204613,4137521,6278555,1022228,364943,634023,84985,349500,18310,26321,85180
9/7/2020,134705,278784,388810,4280422,4147794,6302453,1027334,369209,637509,85558,352453,18540,26373,85189
9/8/2020,138194,280153,391112,4370128,4162073,6328143,1032354,375947,642860,85707,354934,18784,26465,85192
9/9/2020,142190,281583,393425,4465863,4197889,6362679,1037526,384546,647321,85880,357615,19036,26524,85199
9/10/2020,146351,283180,395488,4562414,4238446,6398576,1042836,394308,652364,86194,360546,19353,26564,85214
9/11/2020,150326,284796,397801,4659984,4282164,6446597,1048257,403837,658299,86505,364090,19646,26607,85220
9/12/2020,153045,286297,399940,4754356,4315687,6488285,1053663,415174,663973,86505,367594,19989,26651,85230
9/13/2020,156220,287753,402029,4846427,4330455,6522818,1059024,421519,668381,86505,370932,20327,26692,85240
9/14/2020,161025,288761,404648,4930236,4345610,6555983,1064438,427839,671716,86505,373557,20674,26739,85248
9/15/2020,166564,289990,407353,5020359,4382263,6595526,1069873,435665,676487,87345,376672,21013,26778,85260
9/16/2020,171138,291442,410334,5118253,4419083,6634400,1075485,445932,680931,87575,380679,21013,26813,85269
9/17/2020,176523,293025,413149,5214677,4455386,6679650,1081152,456171,684113,87885,384089,21836,26861,85301
9/18/2020,181863,294932,416198,5308014,4495183,6728873,1086955,469404,688954,88237,388418,22291,26885,85315
9/19/2020,185672,296569,419043,5400619,4528240,6771611,1092915,482964,694121,88237,392847,22881,26898,85325
9/20/2020,188251,298156,422140,5487580,4544629,6810528,1098958,493500,697663,88237,396746,23353,26912,85337
9/21/2020,192117,299506,425481,5562663,4558040,6861122,1105048,499039,700580,88237,401124,23774,26942,85343
9/22/2020,199138,300897,429193,5646010,4591364,6901282,1111157,509123,705263,89436,406060,24261,26972,85353
9/23/2020,206263,302537,432798,5732518,4591364,6940134,1117487,522355,710049,89756,412247,24822,26980,85360
9/24/2020,214497,304323,436319,5818570,4657702,6987609,1123976,538264,715457,90289,418891,25385,27000,85368
9/25/2020,222887,306235,439882,5903932,4689613,7036156,1131088,554368,720858,90923,425769,26066,27016,85383
9/26/2020,228769,308104,443086,5992532,4717991,7081086,1138509,568588,726431,90923,431819,26687,27040,85397
9/27/2020,232183,309870,446448,6074702,4732309,7119240,1146273,579223,730317,90923,437519,27111,27044,85418
9/28/2020,233342,311364,449960,6145291,4745464,7151689,1154299,583522,733717,90923,441575,27546,27055,85430
9/29/2020,238333,313011,453637,6225763,4777522,7195203,1162428,591527,738163,92466,448731,27941,27078,85449
9/30/2020,247411,314861,457219,6312584,4810935,7234282,1170799,605893,743216,92863,455848,28479,27096,85458
10/1/2020,255142,317409,461044,6394068,4847092,7280376,1179634,618918,748315,93615,462777,28882,27109,85470
10/2/2020,262200,319908,464596,6473544,4847092,7335507,1188928,631354,753090,94283,469771,29418,27121,85480
10/3/2020,264793,322751,468119,6549373,4906833,7386166,1198663,647868,757953,94283,482656,29789,27135,85496
10/4/2020,267730,325329,471772,6623815,4915289,7420798,1209039,660372,761665,94283,505621,30168,27148,85516
10/5/2020,273451,327586,475674,6685082,4927235,7459027,1219796,666011,789780,94283,518224,30546,27173,85528
10/6/2020,278175,330263,479825,6757131,4969141,7504246,1231277,677321,794608,96145,532781,30868,27181,85535
10/7/2020,282340,333940,483844,6835655,5000694,7555463,1242258,696274,799188,96677,546954,31201,27206,85544
10/8/2020,286095,338398,488236,6906151,5028444,7614378,1253603,713676,804488,97532,564504,31648,27226,85567
10/9/2020,289058,343770,492378,6979423,5055888,7671128,1265572,734707,810020,98451,578392,32131,27244,85582
10/10/2020,289974,349494,496253,7053806,5082637,7726867,1278245,761384,814328,98451,593567,32575,27263,85603
10/11/2020,291620,354950,500075,7120538,5094979,7773698,1291687,777378,817503,98451,606449,32915,27285,85630
10/12/2020,294789,359569,504281,7175880,5103408,7815430,1305093,786590,821045,98451,620460,33304,27310,85637
10/13/2020,297125,365467,508389,7239389,5113628,7866521,1318783,800216,825340,100654,637710,33594,27337,85657
10/14/2020,299242,372799,513219,7307097,5140863,7925823,1332824,823181,829396,101332,657461,34087,27357,85668
10/15/2020,300854,381602,517835,7370468,5169386,7990938,1346380,852938,834910,102407,676457,34519,27371,85692
10/16/2020,302354,391611,522387,7432680,5200300,8060059,1361317,878572,841661,103200,692114,34939,27378,85705
10/17/2020,302765,402536,526490,7494551,5224362,8117751,1376020,910711,847108,103200,708300,35440,27390,85718
10/18/2020,303687,414241,530380,7550273,5224362,8168739,1390824,940548,851227,103200,725294,35893,27399,85731
10/19/2020,305204,423578,534631,7597063,5250727,8235477,1406667,954838,854926,103200,744124,36345,27405,85750
10/20/2020,306397,434449,539670,7651107,5273954,8297172,1422775,975214,860714,106380,765489,36877,27443,85761
10/21/2020,307569,449648,545286,7706946,5298772,8360493,1438219,1002624,867559,107355,792196,37507,27458,85775
10/22/2020,308601,465726,550757,7761312,5323630,8436718,1453923,1043437,874171,108969,813453,38270,27476,85793
10/23/2020,309450,484869,556891,7814682,5353656,8519196,1471000,1086286,880775,110594,834012,39129,27495,85824
10/24/2020,309696,504509,562705,7864811,5380635,8602923,1487260,1131551,886800,110594,857045,39918,27513,85839
10/25/2020,310303,525782,568896,7909959,5394128,8665590,1503652,1138167,891160,110594,876842,40863,27525,85856
10/26/2020,311187,542789,574856,7946429,5409854,8731566,1520800,1211177,895326,110594,897742,41919,27539,85872
10/27/2020,312074,564778,581824,7990322,5439641,8808727,1537142,1245635,901268,115785,920666,42668,27553,85914
10/28/2020,312797,589766,588648,8040203,5468270,8887995,1553028,1283185,906863,117913,945380,43685,27565,85961
10/29/2020,313441,616595,596941,8088851,5494376,8979212,1570446,1329821,912811,121167,968458,44545,27579,85986
10/30/2020,314121,647674,604952,8137119,5516658,9079302,1588433,1379295,918811,124355,992876,45736,27585,86019
10/31/2020,314349,679430,612772,8184082,5535605,9170037,1606267,1414396,924962,124355,1014795,46863,27595,86043
11/1/2020,315007,709335,620491,8229313,5545705,9275682,1624648,1460575,929392,124355,1038056,47811,27601,86067
11/2/2020,315795,731588,628780,8267623,5554206,9359016,1642665,1566666,933155,124355,1057023,48753,27610,86116
11/3/2020,316641,759829,637712,8313876,5566049,9486850,1661096,1639267,938405,134532,1077101,50106,27622,86133
11/4/2020,317410,790377,646164,8364086,5590025,9591027,1680579,1593146,943630,137730,1102307,51042,27630,86161
11/5/2020,317980,824879,654936,8411724,5590025,9721044,1699695,1650966,949197,141764,1126471,52265,27644,86197
11/6/2020,318671,862681,663800,8462080,5631181,9848856,1720063,1711918,955128,146461,1149793,53692,27652,86230
11/7/2020,318883,902490,673250,8507754,5653561,9980982,1740172,1798573,961938,146461,1174772,54742,27658,86258
11/8/2020,319417,935104,682486,8553657,5664115,10096338,1760420,1837135,967825,146461,1195352,55635,27665,86291
11/9/2020,320136,960373,692949,8591730,5675032,10214386,1781997,1858559,972785,146461,1216749,56406,27669,86313
11/10/2020,320811,995463,703288,8636011,5699005,10354656,1802762,1881172,978531,162240,1237200,57472,27671,86330
11/11/2020,321574,1028424,715068,8683916,5747660,10504143,1822345,1917578,986177,166707,1260200,58466,27675,86345
11/12/2020,322410,1066401,726585,8728795,5781582,10665909,1843678,1950136,991835,171365,1293717,59478,27676,86353
11/13/2020,323171,1107303,738322,8773479,5810652,10847035,1865395,1974271,997393,177355,1321033,60515,27682,86371
11/14/2020,323463,1144552,749525,8814579,5848959,11019320,1887836,2006228,1003253,177355,1347909,61593,27711,86384
11/15/2020,324088,1178529,762068,8845127,5863093,11157232,1910149,2033420,1006522,177355,1372886,62652,27749,86392
11/16/2020,324961,1205881,775121,8874290,5876464,11316411,1932711,2043470,1009396,177355,1394302,63847,27758,86406
11/17/2020,325790,1238072,788473,8912907,5911758,11480575,1954912,2089073,1011153,192439,1414362,65067,27777,86415
11/18/2020,326585,1272352,801894,8958483,5945849,11653988,1975629,2117917,1015071,196446,1434007,66324,27785,86427
11/19/2020,327355,1308528,815117,9004365,5981767,11845888,1998966,2138706,1019543,201055,1456943,67621,27792,86444
11/20/2020,328129,1345767,828377,9050597,6020164,12047324,2023025,2161970,1025969,208295,1477217,68878,27806,86460
11/21/2020,328551,1380531,841308,9095806,6052786,12229360,2047563,2179640,1032688,208295,1497138,70152,27821,86477
11/22/2020,329316,1408868,854361,9139865,6071401,12376012,2071858,2192770,1041875,208295,1515805,71003,27834,86488
11/23/2020,330275,1431795,866821,9177840,6087608,12547962,2096749,2197832,1049358,208295,1531270,72172,27843,86510
11/24/2020,331132,1455022,880542,9222216,6118708,12725197,2120836,2207753,1060152,225560,1542614,73539,27853,86515
11/25/2020,332211,1480874,894385,9266705,6166606,12910091,2144229,2224508,1070487,230514,1560875,74722,27865,86536
11/26/2020,333296,1509875,908346,9309787,6204220,13028478,2169424,2237509,1078594,236355,1578432,75913,27873,86541
11/27/2020,334328,1538217,922397,9351109,6238350,13231502,2196691,2250283,1090675,243129,1593253,77236,27886,86547
11/28/2020,334908,1564532,935799,9392919,6290272,13390259,2223500,2262760,1101403,243129,1609144,78874,27892,86558
11/29/2020,335933,1585178,948749,9431691,6314740,13531103,2249890,2272523,1107071,243129,1621308,79872,27902,86576
11/30/2020,337191,1601554,962070,9462809,6335878,13686786,2275936,2276830,1113543,243129,1633736,81002,27912,86588
12/1/2020,338389,1620901,975951,9499413,6386787,13880823,2302062,2285273,1122362,260758,1647233,82470,27923,86597
12/2/2020,339968,1641610,989572,9534964,6436650,14085323,2327105,2299501,1133613,266158,1663470,84056,27939,86614
12/3/2020,341406,1664829,1003494,9571559,6487084,14309483,2354934,2312288,1144643,272643,1678421,85663,27949,86632
12/4/2020,342101,1688939,1016835,9608211,6533968,14544798,2382012,2323799,1156770,278912,1694803,87266,27956,86647
12/5/2020,343826,1709991,1028986,9644222,6577177,14766708,2410462,2336681,1168395,278912,1710382,89382,27965,86665
12/6/2020,344906,1728878,1040547,9677203,6603540,14945926,2439163,2347630,1175850,278912,1727754,91131,27972,86680
12/7/2020,346797,1742557,1051374,9703770,6623911,15136076,2466961,2351041,1182249,278912,1742528,93177,27987,86695
12/8/2020,348285,1757394,1062397,9735850,6674999,15367025,2492713,2365085,1193255,297732,1754914,95332,27993,86707
12/9/2020,350271,1770149,1072620,9767371,6728452,15588162,2518551,2379760,1205229,304793,1771548,97895,28000,86719
12/10/2020,352397,1787147,1083023,9796744,6781799,15822838,2546113,2393632,1217126,312728,1792614,101027,28011,86734
12/11/2020,353269,1805873,1092407,9826775,6836227,16063095,2574319,2407121,1229379,320098,1814398,104103,28025,86747
12/12/2020,355786,1825775,1100818,9857029,6880127,16285261,2602048,2421068,1241436,320098,1835952,107660,28030,86771
12/13/2020,357176,1843712,1108269,9884100,6901952,16471966,2629699,2432601,1250044,320098,1854493,110305,28037,86787
12/14/2020,359506,1855737,1115770,9906165,6927145,16672597,2656601,2435793,1255974,320098,1874870,113642,28048,86804
12/15/2020,360630,1870576,1123474,9932547,6970034,16894649,2682866,2447518,1267202,341029,1893439,116636,28060,86816
12/16/2020,365042,1888144,1131077,9956557,7040608,17135340,2708940,2465238,1277499,348585,1918739,120330,28072,86823
12/17/2020,367975,1906377,1138530,9979447,7110434,17372569,2736727,2483636,1289298,357466,1954271,124366,28093,86835
12/18/2020,370152,1921778,1145651,10004599,7162978,17621530,2764843,2499511,1301546,367120,1982831,128874,28126,86852
12/19/2020,372886,1938083,1152072,10031223,7213155,17824101,2792615,2516939,1313675,367120,2010080,132164,28168,86875
12/20/2020,374760,1953185,1158384,10055560,7238600,18009450,2821125,2529797,1320545,367120,2046164,134999,28198,86898
12/21/2020,378259,1964054,1164535,10075116,7263619,18199167,2850042,2535757,1325915,367120,2079681,138204,28219,86913
12/22/2020,382487,1977370,1170743,10099066,7318821,18401140,2878382,2547618,1338426,389439,2116612,140750,28237,86928
12/23/2020,385022,1991278,1177004,10123778,7365517,18626923,2905196,2562604,1350079,396048,2155999,144053,28262,86945
12/24/2020,389678,2009317,1183182,10146845,7423945,18831811,2934695,2584322,1362564,396048,2195148,146927,28274,86959
12/25/2020,394391,2028354,1189203,10169118,7448560,18940496,2963290,2604584,1372243,396048,2227951,149926,28297,86979
12/26/2020,398664,2038759,1194963,10187850,7465806,19159491,2992123,2607677,1377217,396048,2262739,151764,28308,87001
12/27/2020,401470,2047696,1200465,10207871,7484285,19314486,3019972,2616544,1383434,396048,2295232,153952,28337,87022
12/28/2020,407285,2056277,1206373,10224303,7504833,19481171,3047335,2619650,1389430,396048,2336692,156434,28349,87049
12/29/2020,412398,2067487,1212481,10244852,7563551,19682867,3073923,2631144,1401529,428533,2389967,159074,28381,87073
12/30/2020,416584,2083689,1218753,10266674,7619200,19905794,3100018,2657658,1413935,437379,2440206,161862,28405,87098
12/31/2020,423262,2107166,1225142,10286709,7675973,20163903,3127347,2677660,1426094,437379,2496235,164116,28425,87117
1/1/2021,428510,2129376,1231429,10305788,7700578,20330158,3153960,2697018,1437185,437379,2549693,166567,28460,87135
1/2/2021,434799,2141201,1237474,10323965,7716405,20626040,3179898,2700484,1443544,437379,2607546,168182,28484,87163
1/3/2021,441542,2155446,1243434,10340469,7733746,20829692,3203743,2712975,1448755,437379,2662703,169358,28504,87196
1/4/2021,448173,2166244,1249507,10356844,7753752,21011352,3226758,2717059,1455219,437379,2721626,171436,28517,87229
1/5/2021,456139,2181619,1255620,10374932,7810400,21242613,3250713,2737892,1466490,469748,2782713,173433,28536,87261
1/6/2021,463448,2201945,1261903,10395278,7873830,21499479,3274615,2763078,1479835,469748,2845269,175663,28546,87324
1/7/2021,471048,2220361,1268263,10413417,7961673,21788120,3297833,2784845,1493569,482284,2898056,177507,28571,87377
1/8/2021,477357,2237890,1274514,10413417,8013708,22091612,3321163,2804705,1507931,489471,2966248,179170,28582,87410
1/9/2021,485434,2257866,1280438,10450284,8075998,22351155,3344175,2824882,1524036,489471,3026346,180915,28595,87479
1/10/2021,491319,2276491,1286406,10466595,8105790,22564533,3366715,2840826,1534039,489471,3081372,182161,28614,87582
1/11/2021,501073,2289021,1292614,10479179,8131612,22775381,3389733,2844642,1541633,489471,3127647,183400,28634,87637
1/12/2021,510063,2303263,1299022,10495147,8195637,22994289,3412390,2864399,1556028,506866,3173295,184476,28650,87752
1/13/2021,520060,2319036,1305339,10512093,8256536,23224134,3434934,2888331,1571901,512203,3220957,185835,28660,87890
1/14/2021,529814,2336279,1311810,10527683,8324294,23462172,3459237,2909666,1588369,518783,3269761,185836,28669,88034
1/15/2021,535049,2352423,1318295,10542841,8393492,23709198,3483531,2930983,1609735,523486,3325646,187998,28689,88164
1/16/2021,543499,2368733,1324395,10557985,8455059,23917830,3507201,2952392,1630258,523486,3367074,188878,28708,88273
1/17/2021,551689,2381277,1330411,10571773,8488099,24094418,3530379,2969034,1641428,523486,3405744,189767,28721,88382
1/18/2021,558249,2390102,1336217,10581823,8511770,24235489,3552888,2972832,1649502,523486,3443354,190574,28731,88500
1/19/2021,565629,2400598,1342134,10595639,8573864,24399775,3574330,2996855,1668396,533265,3476808,191299,28740,88603
1/20/2021,575842,2414166,1348316,10610883,8638249,24585167,3595136,3023613,1688944,537967,3515800,192187,28749,88747
1/21/2021,582869,2428221,1354520,10625428,8697368,24777494,3616680,3046323,1711283,542952,3553777,192947,28755,88858
1/22/2021,589028,2441854,1360852,10639684,8753920,24967022,3637862,3069647,1732290,547166,3594098,193720,28760,88958
1/23/2021,593961,2455185,1367032,10654533,8816254,25141886,3658447,3093740,1752347,547166,3627750,194599,28766,89038
1/24/2021,597403,2466813,1372977,10667736,8844577,25279719,3679247,3112176,1763219,547166,3657861,195353,28777,89162
1/25/2021,601069,2475372,1379286,10676838,8871393,25421837,3698246,3116477,1771740,547166,3680105,195978,28780,89244
1/26/2021,609656,2485956,1385706,10689527,8933356,25566621,3716228,3138619,1788905,556289,3700272,196632,28786,89319
1/27/2021,621590,2501147,1392314,10701193,8996876,25721758,3733692,3165570,1806849,560472,3725641,197224,28794,89373
1/28/2021,628895,2515507,1398841,10720048,9058687,25889192,3752548,3189378,1825519,564557,3754452,197892,28799,89425
1/29/2021,633991,2529070,1405414,10733130,9118513,26055039,3771514,3212613,1841893,566957,3783597,198348,28806,89477
1/30/2021,638789,2541783,1411731,10746174,9176975,26200724,3790265,3236658,1857230,566957,3806997,198779,28811,89569
1/31/2021,643435,2553032,1417999,10757610,9204731,26316153,3808348,3255994,1864260,566957,3828187,199156,28818,89611
2/1/2021,652246,2560957,1424596,10766245,9229322,26445521,3825739,3260382,1869708,566957,3846855,199644,28823,89641
2/2/2021,659978,2570608,1431416,10777284,9283418,26559394,3842145,3283719,1874092,576606,3863761,200041,28829,89666
2/3/2021,668874,2583790,1438286,10790183,9339420,26682507,3858367,3310125,1886245,580916,3882976,200466,28838,89696
2/4/2021,675618,2597446,1445326,10802591,9396293,26806435,3874830,3310145,1886245,584674,3903710,201020,28842,89716
2/5/2021,680856,2611659,1452380,10814304,9447165,26938097,3891274,3355752,1912871,588062,3922914,201458,28848,89729
2/6/2021,685583,2625098,1459370,10826363,9447165,27049051,3907653,3376340,1926080,588062,3941277,201871,28851,89740
2/7/2021,692101,2636738,1466435,10838194,9524640,27140934,3923461,3396055,1932145,588062,3957181,202307,28857,89754
2/8/2021,696528,2644707,1473756,10847304,9524640,27225943,3939162,3400398,1936013,588062,3971319,202737,28860,89768
2/9/2021,703719,2655319,1481396,10858371,9599565,27320538,3953970,3419418,1946751,596174,3983760,203104,28871,89782
2/10/2021,709729,2668266,1488981,10871294,9659167,27416370,3968228,3444827,1957889,600244,3996837,203574,28879,89784
2/11/2021,714812,2683403,1496455,10880603,9713909,27522673,3983031,3465903,1968566,604577,4010380,204052,28887,89796
2/12/2021,718746,2697296,1503753,10892746,9765455,27622704,3997898,3486612,1978954,608411,4025578,204480,28892,89804
2/13/2021,721846,2710819,1510873,10904940,9809754,27711558,4012538,3507843,1988695,608411,4038933,204754,28898,89811
2/14/2021,724380,2721879,1518263,10916589,9834513,27777907,4026506,3524518,1992794,608411,4049924,205049,28900,89820
2/15/2021,730293,2729223,1526023,10925710,9866710,27832550,4040505,3528924,1995892,608411,4059700,205486,28905,89836
2/16/2021,734575,2739591,1534034,10937320,9921981,27891153,4053535,3548520,2004575,617869,4070336,205871,28911,89843
2/17/2021,738629,2751657,1542076,10950201,9978747,27961222,4066164,3573560,2013563,622102,4083096,206285,28912,89854
2/18/2021,741934,2765412,1550142,10963394,10030626,28032578,4079407,3596078,2022662,627022,4095191,206753,28918,89864
2/19/2021,744513,2780882,1558159,10977387,10084208,28110764,4092649,3620205,2030491,631166,4107290,207305,28920,89872
2/20/2021,744513,2795796,1566081,10991651,10139148,28184171,4105424,3642576,2038276,631166,4117743,207769,28926,89879
2/21/2021,750043,2809246,1574012,11005850,10168174,28242067,4117992,3664622,2041380,631166,4127578,208265,28930,89890
2/22/2021,754998,2818863,1582275,11016434,10195160,28296905,4130447,3669276,2043632,631166,4138237,208715,28937,89900
2/23/2021,759572,2832162,1590605,11030176,10257875,28368921,4142126,3689469,2052266,642099,4146760,209244,28939,89912
2/24/2021,763756,2848564,1598875,11046914,10324463,28443933,4153735,3720996,2060908,647470,4156707,209767,28947,89919
2/25/2021,767726,2868435,1607081,11063491,10390461,28521990,4164802,3746410,2069370,652465,4166727,210370,28957,89925
2/26/2021,770780,2888923,1615184,11079979,10455630,28600725,4175757,3771626,2076882,657309,4175315,210900,28965,89935
2/27/2021,773335,2907825,1623159,11096731,10517232,28666791,4187166,3795736,2084128,657309,4182772,211420,28970,89941
2/28/2021,775807,2925265,1631169,11112241,10551259,28718658,4198400,3815688,2086938,657309,4188827,211883,28978,89960
3/1/2021,779958,2938371,1639679,11124527,10587001,28773147,4209850,3820418,2089281,657309,4194289,212380,28986,89971
3/2/2021,785218,2955434,1648174,11139516,10646926,28830214,4220291,3843290,2097194,669113,4200700,212912,28996,89981
3/3/2021,789485,2976274,1656699,11156923,10718630,28897363,4230707,3870101,2104987,675292,4207120,213486,29007,89991
3/4/2021,793407,2999119,1665103,11173761,10793732,28965895,4241970,3895387,2112508,680130,4213764,214007,29021,90000
3/5/2021,796465,3023129,1673470,11192045,10869227,29032760,4252876,3918894,2119305,684961,4219788,214621,29029,90010
3/6/2021,799727,3046762,1681682,11210799,10938836,29092055,4263785,3942286,2125866,684961,4225906,215015,29034,90023
3/7/2021,801575,3067486,1689692,11229398,11019344,29134121,4274263,3964121,2128600,684961,4231166,215528,29046,90042
3/8/2021,805116,3081368,1698005,11244786,11051665,29178433,4284408,3969673,2130477,684961,4235989,215955,29061,90050
3/9/2021,808262,3101093,1706559,11262707,11122429,29234239,4293750,3992853,2137884,695975,4241858,216482,29074,90055
3/10/2021,811492,3123368,1715162,11285561,11202305,29292470,4302726,4022514,2144486,701892,4247879,218489,29090,90066
3/11/2021,814250,3149017,1723470,11308846,11277717,29355361,4311893,4050606,2150955,707192,4254714,219351,29102,90075
3/12/2021,816198,3175807,1731558,11333728,11363380,29417434,4321588,4075681,2157771,712527,4261398,219996,29112,90082
3/13/2021,817799,3201838,1739360,11359048,11439558,29471026,4331396,4105444,2163875,712527,4267015,220609,29117,90092
3/14/2021,818977,3223142,1746953,11385339,11483370,29509878,4341381,4131895,2166290,712527,4271710,221151,29130,90097
3/15/2021,820913,3238394,1754933,11409831,11519609,29564646,4350728,4138369,2167729,712527,4276840,221763,29137,90110
3/16/2021,822703,3258770,1763313,11438734,11603535,29619027,4360033,4168396,2169007,725289,4282203,222534,29154,90114
3/17/2021,824178,3281810,1771115,11474605,11693838,29678514,4368943,4206916,2175462,732070,4287996,223321,29166,90120
3/18/2021,825562,3306711,1778645,11514331,11780820,29739039,4378656,4241990,2182188,738537,4294328,224107,29183,90131
3/19/2021,826609,3332418,1786265,11555284,11871390,29801104,4388268,4277108,2187910,744272,4299200,224950,29192,90135
3/20/2021,827220,3356331,1793805,11599130,11950459,29858126,4397816,4312451,2193639,744272,4304839,225540,29196,90147
3/21/2021,827772,3376376,1801065,11646081,11998233,29893104,4407031,4343115,2195772,744272,4310195,226197,29206,90154
3/22/2021,828764,3400877,1808422,11686796,12047526,29942585,4416226,4358924,2197160,744272,4315602,227469,29211,90163
3/23/2021,829689,3419616,1815712,11734058,12130019,29995884,4424595,4373620,2203041,758335,4321019,227723,29221,90173
3/24/2021,830028,3440862,1823317,11787534,12220011,30083005,4433364,4439011,2208755,765984,4326645,225722,29230,90184
3/25/2021,830845,3464543,1830823,11846652,12320169,30150981,4442492,4484672,2214542,773690,4332922,226536,29239,90195
3/26/2021,831383,3488619,1838803,11908910,12404414,30228526,4451565,4526554,2219845,780018,4339157,227325,29252,90207
3/27/2021,831383,3512453,1846923,11971624,12490362,30290749,4460348,4569179,2224904,780018,4343066,227741,29259,90218
3/28/2021,831924,3532057,1855674,12039644,12534688,30337103,4469327,4606307,2226550,780018,4347013,228705,29276,90230
3/29/2021,832125,3544957,1864984,12095855,12573615,30404401,4477916,4615413,2227843,780018,4351796,229384,29296,90238
3/30/2021,832639,3561012,1875234,12149335,12658109,30465838,4486078,4646136,2232910,796445,4355867,230594,29304,90249
3/31/2021,833105,3584899,1885564,12221665,12748747,30532810,4494234,4705186,2238887,804886,4359982,231295,29322,90265
4/1/2021,833456,3607083,1897314,12303131,12839844,30611999,4503291,4755862,2244268,813191,4364547,231957,29333,90274
4/2/2021,833707,3629000,1908974,12392260,12910082,30683848,4511973,4802545,2247357,813191,4367969,232665,29341,90300
4/3/2021,834070,3650247,1920394,12485509,12953597,30748095,4520879,4802711,2249195,813191,4371393,233410,29348,90320
4/4/2021,834247,3668264,1932074,12589067,12984956,30784449,4529576,4883346,2250458,813191,4373798,234010,29357,90353
4/5/2021,834603,3678944,1945964,12686049,13013601,30857897,4538101,4894139,2251705,813191,4376629,234489,29365,90377
4/6/2021,834920,3686707,1963394,12801785,13100580,30919041,4546307,4902195,2256509,834993,4379033,235009,29379,90389
4/7/2021,835216,3700393,1984348,12928574,13193205,30994031,4554481,4903122,2261879,841807,4381830,235623,29385,90414
4/8/2021,835486,3717602,2006934,13060542,13279857,31074284,4563026,5000155,2267019,849629,4384954,236340,29390,90435
4/9/2021,835674,3736526,2029412,13205926,13373174,31158621,4572053,5000319,2272064,857401,4380167,237038,29396,90449
4/10/2021,835813,3754077,2049078,13358805,13445006,31227915,4580633,5001723,2278420,857401,4382880,237793,29405,90459
4/11/2021,835933,3769814,2070141,13527717,13482023,31274358,4589209,5119625,2280213,857401,4384610,238484,29419,90475
4/12/2021,836158,3779594,2093452,13689453,13517808,31341317,4597400,5128175,2281840,857401,4388296,238998,29429,90484
4/13/2021,836334,3793033,2118212,13873825,13599994,31420461,4605444,5167305,2286352,876506,4390801,239561,29450,90496
4/14/2021,836590,3809193,2143794,14074564,13673507,31495777,4613646,5210812,2291246,885385,4393330,240225,29469,90506
4/15/2021,836902,3826156,2168872,14291917,13746681,31569687,4622464,5248857,2295435,892480,4396096,241023,29484,90517
4/16/2021,836936,3842079,2194133,14526609,13832455,31650065,4631336,5285307,2299939,900138,4398903,241700,29499,90532
4/17/2021,836883,3857443,2215445,14788003,13900091,31704227,4640537,5321180,2304096,900138,4401176,242424,29519,90548
4/18/2021,837047,3870131,2237089,15061805,13943071,31747111,4649044,5350558,2305602,900138,4403060,243326,29533,90559
4/19/2021,837218,3878994,2261435,15320972,13973695,31813284,4657509,5357266,2306910,900138,4406114,244067,29556,90569
4/20/2021,837357,3891063,2286927,15616130,14043076,31874204,4665553,5401341,2311172,916830,4408644,244759,29576,90590
4/21/2021,837492,3904899,2311813,15930774,14122795,31938028,4673699,5436265,2315811,924340,4411068,245562,29594,90596
4/22/2021,837807,3920945,2335905,16263695,14167973,32005018,4682573,5469669,2319519,932076,4413834,246455,29638,90615
4/23/2021,837892,3935703,2358809,16610481,14237078,32067397,4691290,5502009,2323430,938343,4416588,247157,29653,90624
4/24/2021,837974,3949517,2377039,16960172,14308215,32121590,4699988,5534651,2326738,938343,4418710,247704,29663,90637
4/25/2021,838024,3962674,2396204,17313163,14340787,32155564,4708640,5559156,2328391,938343,4420443,248316,29680,90648
4/26/2021,838107,3971114,2417230,17636186,14369423,32201224,4717321,5565113,2329534,938343,4422562,249020,29717,90659
4/27/2021,838217,3981512,2438193,17997113,14441563,32251958,4725252,5595437,2333126,953254,4425259,249644,29750,90671
4/28/2021,838323,3994894,2459906,18376421,14521289,32307052,4732981,5626979,2336944,960520,4427390,250479,29773,90691
4/29/2021,838407,4009208,2479805,18762976,14590678,32365966,4742142,5653526,2340934,967678,4429849,251248,29798,90704
4/30/2021,838481,4022653,2499077,19164969,14659011,32424126,4750755,5677829,2344755,973604,4432246,251249,29811,90720
5/1/2021,838481,4035617,2516157,19557457,14725975,32470786,4759902,5703499,2347780,973604,4434157,252740,29824,90735
5/2/2021,838554,4044762,2534855,19925517,14754910,32500847,4768476,5713420,2348873,973604,4435831,253607,29838,90746
5/3/2021,838621,4050708,2555587,20282833,14779529,32549617,4776844,5717187,2349900,973604,4437505,254368,29850,90763
5/4/2021,838697,4059821,2575737,20664979,14856888,32590417,4784497,5741564,2352964,988554,4439489,255178,29865,90770
5/5/2021,838767,4070400,2591609,21077410,14930183,32636119,4792354,5767568,2355985,995595,4441644,255181,29884,90775
5/6/2021,838828,4082198,2610018,21491598,15003563,32683074,4799872,5789281,2358831,1002121,4444262,257181,29893,90788
5/7/2021,838858,4092747,2627094,21892676,15082449,32731181,4808133,5808420,2361874,1007792,4446752,258204,29906,90795
5/8/2021,838886,4102921,2640670,22296081,15145879,32765700,4816331,5829199,2364617,1007792,4448808,258881,29922,90807
5/9/2021,838894,4111210,2654811,22662575,15184790,32787800,4824621,5838327,2365792,1007792,4450578,259755,29931,90818
5/10/2021,838957,4116287,2673219,22992517,15209990,32822952,4832959,5841626,2366496,1007792,4452956,260687,29938,90832
5/11/2021,839000,4123230,2691352,23340938,15282705,32857015,4840948,5861417,2368393,1021604,4455446,261613,29946,90848
5/12/2021,839030,4131078,2707761,23703665,15359397,32893208,4849044,5882915,2371483,1027934,4457742,262859,29955,90857
5/13/2021,839059,4139160,2722007,24046809,15433989,32931737,4857303,5902376,2375115,1027934,4460405,264214,29957,90864
5/14/2021,839079,4146722,2732152,24372907,15519525,32973601,4866641,5909419,2377995,1037126,4462603,265165,29964,90878
5/15/2021,839118,4153374,2739875,24684077,15586534,33003210,4875308,5925104,2380690,1037126,4464663,266240,29975,90896
5/16/2021,839119,4159122,2751166,24965463,15627243,33020652,4883734,5939130,2381923,1037126,4466589,267204,29978,90922
5/17/2021,839159,4162576,2765485,25228996,15657391,33048421,4892938,5942481,2382745,1037126,4468582,268040,29983,90944
5/18/2021,839167,4167025,2779415,25496330,15732836,33076218,4900995,5959704,2385512,1047143,4466220,268956,29992,90958
5/19/2021,839221,4172525,2792204,25772440,15812055,33105725,4908794,5978761,2387512,1051762,4468366,270047,29995,90970
5/20/2021,839263,4178261,2804632,26031991,15894094,33135569,4917906,5629921,2390140,1055173,4471065,271261,29999,90994
5/21/2021,839290,4183476,2815882,26289290,15970949,33164120,4926717,5642724,2392744,1058341,4473773,272613,30003,91004
5/22/2021,839308,4188190,2823887,26530132,16047439,33184694,4935302,5655335,2395330,1058341,4476297,273366,30007,91023
5/23/2021,839319,4192183,2832518,26752447,16083258,33198166,4944129,5665101,2396604,1058341,4478390,274204,30019,91041
5/24/2021,839367,4194672,2843523,26948874,16120756,33222609,4952412,5667331,2397307,1058341,4480760,275139,30029,91057
5/25/2021,839389,4197892,2855396,27157795,16194209,33245699,4960174,5670486,2399790,1064375,4483177,275935,30046,91070
5/26/2021,839408,4201827,2865864,27369093,16274695,33270232,4968421,5683143,2402722,1067107,4486168,277011,30063,91089
5/27/2021,839420,4205970,2875858,27555457,16342162,33297381,4977332,5697076,2405772,1068473,4489552,278136,30074,91096
5/28/2021,839433,4209707,2886111,27729247,16391930,33319304,4986458,5708350,2408778,1068473,4493582,279139,30083,91112
5/29/2021,839453,4213055,2893218,27894800,16471600,33331922,4995613,5719877,2411503,1068473,4496823,280183,30096,91123
5/30/2021,839458,4216003,2902094,28047534,16515120,33338894,5005171,5728539,2412810,1068473,4499937,281141,30105,91150
5/31/2021,839475,4217821,2913136,28175044,16545554,33344909,5013512,5728909,2413742,1068473,4503231,281985,30118,91173
6/1/2021,839511,4220304,2923823,28307832,16624480,33366705,5022881,5738762,2420659,1068473,4506333,282896,30124,91197
6/2/2021,839517,4223200,2935443,28441986,16720081,33383901,5031583,5740116,2423928,1068473,4510597,283852,30137,91221
6/3/2021,839532,4225163,2945100,28574350,16803472,33403006,5040390,5755675,2426822,1076993,4515778,284888,30141,91245
6/4/2021,839539,4227719,2954309,28694879,16841408,33420140,5049210,5762633,2429631,1078062,4521922,285823,30157,91269
6/5/2021,839566,4230153,2960751,28809339,16907425,33434746,5058221,5769287,2431702,1078062,4527577,286420,30173,91299
6/6/2021,839571,4232428,2966363,28909975,16947062,33440497,5067246,5774467,2433681,1078062,4532802,287275,30191,91318
6/7/2021,839585,4233698,2971270,28996473,16984218,33455398,5076543,5775641,2434562,1078062,4538399,287735,30205,91351
6/8/2021,839585,4235592,2980116,29089069,17037129,33468480,5086386,5781662,2438011,1080733,4544372,288115,30210,91367
6/9/2021,839585,4237790,2990714,29182532,17122877,33487469,5096657,5787231,2441866,1081898,4551694,289024,30225,91389
6/10/2021,839630,4239868,3003112,29274823,17210969,33501833,5108217,5791714,2445538,1082729,4558933,289501,30228,91411
6/11/2021,839653,4241760,3013078,29359155,17296118,33526668,5120578,5795593,2448820,1083456,4566893,289919,30234,91446
6/12/2021,839661,4243482,3020522,29439989,17374818,33535432,5133938,5799565,2452469,1083456,4574445,290358,30248,91480
6/13/2021,839666,4244872,3028717,29510410,17412766,33540696,5148499,5802538,2454176,1083456,4581779,290674,30262,91503
6/14/2021,839690,4245779,3039432,29570881,17452612,33552840,5162049,5803236,2455351,1083456,4589400,290912,30273,91523
6/15/2021,839701,4247032,3049648,29633105,17533221,33563738,5176051,5806479,2459601,1084636,4596994,291139,30286,91544
6/16/2021,839720,4248432,3060135,29700313,17628588,33576313,5189260,5809543,2463390,1084636,4605805,291492,30301,91563
6/17/2021,839747,4249755,3070426,29762793,17702630,33586936,5203117,5811592,2467643,1084636,4616628,291824,30309,91586
6/18/2021,839769,4250902,3080526,29823546,17801462,33608301,5220168,5814779,2471741,1084636,4626915,292029,30322,91617
6/19/2021,839830,4252095,3086974,29881772,17883750,33616809,5237847,5817403,2471741,1084636,4636991,292273,30331,91640
6/20/2021,839867,4252976,3095135,29935221,17927928,33621311,5255214,5819313,2477283,1084636,4646068,292467,30355,91657
6/21/2021,839990,4253460,3105620,29977861,17966831,33632902,5272328,5819809,2478551,1084636,4656536,292618,30366,91682
6/22/2021,840079,4254294,3117336,30028709,18054653,33643767,5288766,5822022,2482784,1088014,4668043,292775,30380,91706
6/23/2021,840225,4255434,3128395,30082778,18169881,33656924,5306069,5824352,2487747,1088518,4683986,292999,30404,91722
6/24/2021,840444,4255700,3140129,30134445,18243483,33670586,5325940,5826360,2493087,1088896,4700691,293172,30424,91746
6/25/2021,840638,4256451,3150949,30183143,18322760,33694920,5346005,5828348,2498357,1088896,4716065,293394,30457,91771
6/26/2021,840823,4257289,3157983,30233183,18386894,33703633,5367317,5830476,2503408,1088896,4734011,293590,30499,91785
6/27/2021,840888,4258069,3167741,30279331,18420598,33707945,5387486,5832110,2505792,1088896,4748644,293765,30528,91807
6/28/2021,841196,4258456,3180092,30316897,18448402,33722481,5408744,5832628,2507453,1088896,4771367,293916,30560,91825
6/29/2021,841486,4259133,3192809,30362848,18513305,33729264,5428961,5836023,2513164,1089743,4791628,294162,30602,91834
6/30/2021,841777,4259909,3204557,30411634,18557141,33745587,5449594,5837403,2519269,1089990,4817298,294503,30643,91846
7/1/2021,842067,4260788,3218860,30458251,18622304,33759965,5472722,5840067,2525350,1090553,4844944,294980,30684,91864
7/2/2021,842371,4261582,3232696,30502362,18687469,33789344,5495513,5842754,2531192,1090880,4871807,295306,30734,91887
7/3/2021,842648,4262511,3241037,30545433,18742025,33794057,5519516,5845760,2537457,1090880,4896272,295756,30753,91902
7/4/2021,842969,4263317,3254818,30585229,18769808,33797881,5544209,5848365,2540068,1090880,4920168,296148,30804,91924
7/5/2021,843465,4263797,3270843,30619932,18792511,33806716,5568104,5849167,2541873,1090880,4947274,296489,30831,91947
7/6/2021,843892,4264704,3286923,30663665,18855015,33830127,5591030,5852755,2549862,1091730,4975903,297040,30861,92004
7/7/2021,844378,4265714,3304135,30709557,18909037,33852761,5614540,5856838,2558369,1092083,5007964,297739,30903,92021
7/8/2021,844989,4267105,3327526,30752950,18962762,33871790,5638901,5861284,2567821,1092308,5040060,298411,30951,92044
7/9/2021,845379,4268491,3344122,30795716,19020499,33919279,5664200,5865864,2577140,1092540,5075945,298970,31015,92070
7/10/2021,845811,4269885,3355786,30837222,19069003,33927699,5688807,5870560,2586721,1092540,5107780,299511,31100,92070
7/11/2021,846134,4271276,3373450,30874376,19089940,33938852,5713351,5874874,2590500,1092540,5139162,300146,31221,92121
7/12/2021,846327,4272163,3394279,30907282,19106971,33972467,5738000,5876142,2593574,1092540,5173972,301006,31323,92150
7/13/2021,847602,4273693,3417029,30946147,19151993,33998859,5762211,5883100,2604711,1093209,5210472,302081,31429,92174
7/14/2021,848322,4275846,3440400,30987880,19209729,34032029,5785542,5884550,2616827,1093576,5252655,303291,31513,92202
7/15/2021,849274,4278319,3464055,31026829,19262518,34061936,5810335,5895608,2629648,1093923,5301296,304439,31626,92238
7/16/2021,850104,4281214,3485940,31064908,19308109,34139415,5835523,5906543,2642068,1094287,5353245,305412,31771,92268
7/17/2021,850968,4284332,3501079,31106065,19342448,34151301,5860113,5917548,2654699,1094287,5407428,306452,31899,92301
7/18/2021,851723,4287458,3523263,31144229,19376574,34171276,5884593,5930080,2659137,1094287,5455276,307103,32016,92332
7/19/2021,852943,4289528,3548704,31174322,19391845,34223397,5908691,5934273,2664444,1094287,5495947,307958,32120,92397
7/20/2021,854434,4293083,3576148,31216337,19419437,34263969,5931925,5952490,2678297,1095279,5542635,308788,32266,92397
7/21/2021,855552,4297337,3603527,31257720,19473954,34314554,5955089,5974063,2693495,1095758,5586716,309647,32426,92470
7/22/2021,856986,4302393,3623840,31293062,19523711,34369221,5979027,5996163,2709739,1096341,5626745,310462,32582,92518
7/23/2021,857977,4307535,3645654,31293062,19632443,34488617,6002303,6015572,2709739,1096799,5662838,311170,32753,92590
7/24/2021,859398,4312673,3664286,31371901,19670534,34513798,6025698,6041313,2741983,1096799,5694462,311935,32918,92587
7/25/2021,860652,4317415,3691432,31411262,19688663,34539433,6049215,6056555,2748518,1096799,5723399,312582,33082,92664
7/26/2021,862717,4320530,3723246,31440951,19707662,34625956,6071893,6061969,2754438,1096799,5748331,313354,33266,92735
7/27/2021,864912,4325046,3758197,31484605,19749073,34694692,6094379,6089097,2771846,1098154,5771732,313922,33473,92821
7/28/2021,867240,4330739,3792014,31528114,19797086,34764122,6116249,6117020,2790874,1098795,5797445,315223,33726,92870
7/29/2021,869063,4336906,3826447,31572344,19839369,34843409,6138969,6142449,2810097,1099414,5828316,316080,33909,92936
7/30/2021,871343,4343519,3851162,31613993,19880273,35031481,6161985,6166759,2829443,1100040,5857639,317168,34130,92989
7/31/2021,874018,4350028,3871008,31655824,19917855,35064141,6185249,6190621,2848252,1100040,5883421,317909,34383,93066
8/1/2021,875801,4355348,3903519,31695958,19938358,35107074,6207513,6210335,2854992,1100040,5907594,318807,34612,93162
8/2/2021,879650,4358533,3940708,31726507,19953501,35227291,6230482,6218927,2861498,1100040,5929881,319592,34836,93252
8/3/2021,882798,4363374,3979727,31769132,19985817,35330481,6251953,6243225,2880409,1101900,5951736,320412,35089,93352
8/4/2021,885766,4369964,4019084,31812114,20026533,35427150,6274006,6272466,2901094,1102829,5980887,321344,35391,93437
8/5/2021,890201,4377188,4057758,31856757,20066587,35538060,6296570,6299415,2922663,1103693,6010896,322292,35698,93561
8/6/2021,893105,4383787,4092671,31895385,20108746,35793352,6318643,6325146,2944226,1104538,6042529,323166,36051,93668
8/7/2021,897326,4390684,4119110,31934455,20151779,35842433,6340370,6351003,2964244,1104538,6070873,324120,36328,93764
8/8/2021,900482,4396417,4158729,31969954,20165672,35870310,6362641,6371463,2971817,1104538,6098117,324948,36630,93889
8/9/2021,906405,4400617,4199537,31998158,20177757,36050046,6384195,6378681,2978330,1104538,6123173,325890,37010,94032
8/10/2021,910569,4406241,4238676,32036511,20212642,36171250,6404960,6407573,2997885,1106821,6146642,326899,37377,94143
8/11/2021,918237,4413162,4281217,32077706,20245085,36327505,6425918,6440367,3020596,1108057,6176023,328075,37749,94224
8/12/2021,924762,4420429,4320266,32117826,20285067,36469699,6447229,6470038,3045571,1109112,6208908,329180,38165,94323
8/13/2021,929274,4427827,4359385,32156493,20319000,36699543,6468890,6497785,3068329,1110147,6241447,330236,38658,94389
8/14/2021,934896,4435008,4389085,32192576,20350142,36748975,6490421,6522212,3091971,1110147,6270673,331163,39097,94442
8/15/2021,939360,4440669,4425821,32225513,20364099,36791040,6511431,6543481,3091971,1110147,6297157,332013,39615,94493
8/16/2021,948058,4444338,4467015,32250679,20378570,37010468,6531585,6556878,3108438,1110147,6325515,332977,40097,94535
8/17/2021,956310,4449606,4517243,32285857,20416183,37163268,6551934,6582001,3123252,1112958,6352224,333872,40774,94563
8/18/2021,962193,4456765,4556417,32322258,20457897,37321867,6572246,6612028,3152205,1114278,6385982,335081,41521,94609
8/19/2021,970606,4464005,4587683,32358829,20494212,37479083,6592705,6637417,3175374,1115566,6422515,336079,42228,94642
8/20/2021,978212,4471225,4616516,32393286,20528099,37724751,6613107,6660365,3197108,1116584,6459643,337013,43119,94662
8/21/2021,985489,4478691,4640695,32424234,20556487,37791260,6633521,6683078,3217415,1116584,6491529,338039,44026,94694
8/22/2021,990524,4484613,4677114,32449306,20570891,37827627,6653498,6700378,3225073,1116584,6523563,338759,44920,94715
8/23/2021,999110,4488779,4715771,32474773,20583994,38065008,6672373,6708289,3231616,1116584,6555419,339542,45754,94750
8/24/2021,1011223,4494857,4756394,32512366,20614866,38222126,6690633,6734203,3249878,1119358,6586181,340887,46725,94770
8/25/2021,1017825,4502396,4796377,32558530,20645537,38391542,6709605,6757909,3271128,1120628,6621799,341879,47840,94796
8/26/2021,1028271,4509611,4833135,32603188,20676561,38575980,6728699,6777592,3291761,1122139,6659916,342866,48816,94828
8/27/2021,1034623,4517434,4869414,32649947,20703906,38819523,6747681,6778049,3311317,1123413,6697770,343802,49935,94849
8/28/2021,1045800,4524292,4895448,32695030,20728605,38880776,6766667,6813680,3328863,1123413,6729912,344679,51256,94882
8/29/2021,1051609,4530246,4926964,32737939,20741815,38923091,6785465,6827310,3335700,1123413,6762904,345421,52611,94905
8/30/2021,1061488,4534499,4960744,32768880,20752281,39182369,6803323,6834998,3341264,1123413,6789189,346183,53868,94942
8/31/2021,1066352,4539991,4992063,32810845,20776870,39353639,6820697,6835022,3352410,1126813,6821356,347028,55093,94961
9/1/2021,1082981,4546487,5025233,32857937,20804215,39555889,6838652,6868151,3369747,1127917,6856933,347862,56560,94989
9/2/2021,1096881,4553241,5055512,32903289,20830495,39730968,6857243,6882305,3387885,1129131,6894915,348561,58208,95017
9/3/2021,1104971,4559970,5083133,32945907,20856060,39966561,6875713,6897529,3405294,1130525,6937270,349258,59949,95045
9/4/2021,1112964,4566126,5103537,32988673,20877864,40035946,6894113,6910865,3420880,1130525,6973995,349702,61619,95073
9/5/2021,1117596,4571440,5129407,33027621,20890779,40079901,6912375,6921275,3428384,1130525,7010540,350347,63155,95091
9/6/2021,1117596,4574787,5156986,33058843,20899933,40157958,6929862,6924325,3433511,1130525,7051516,350813,64621,95127
9/7/2021,1117596,4579502,5184124,33096718,20914237,40423381,6946922,6938866,3449295,1133449,7089051,351273,66317,95146
9/8/2021,1139887,4585423,5210978,33139981,20928008,40606407,6964595,6944797,3465171,1135160,7127630,351804,68042,95174
9/9/2021,1145932,4590941,5237799,33174954,20958899,40766536,6982628,6962917,3479999,1136535,7165200,352400,69912,95191
9/10/2021,1154286,4596558,5258913,33208330,20974850,40994762,7000636,6972934,3479999,1138017,7202212,352967,71987,95216
9/11/2021,1165682,4601749,5275567,33236921,20989164,41063968,7019200,6982683,3506743,1138017,7231111,353364,73603,95262
9/12/2021,1172253,4606413,5295786,33264175,20999779,41103762,7037435,6990662,3511882,1138017,7259752,353803,75323,95311
9/13/2021,1184053,4609205,5318327,33289579,21006424,41355825,7055296,6992980,3516043,1138017,7290168,354068,76901,95403
9/14/2021,1194783,4613214,5340656,33316755,21019830,41502019,7072825,7007436,3528972,1141673,7316931,354511,78544,95476
9/15/2021,1202212,4618040,5360387,33347325,21034610,41672595,7091368,7007819,3542189,1142770,7346832,354910,80400,95556
9/16/2021,1208403,4623155,5378408,33381728,21069017,41828102,7110656,7022203,3549229,1143973,7373451,355235,82200,95640
9/17/2021,1211443,4627699,5396013,33417390,21080219,42036972,7130245,7029959,3552983,1144982,7406017,355575,84056,95686
9/18/2021,1220397,4632275,5408860,33448163,21230325,42097445,7150244,7037931,3552983,1144982,7435493,355916,85628,95752
9/19/2021,1228129,4636111,5424835,33478419,21239783,42136963,7170069,7043875,3569677,1144982,7464791,356176,87128,95801
9/20/2021,1235064,4638516,5442232,33504534,21247667,42331848,7189445,7045422,3573044,1144982,7500734,356452,88710,95873
9/21/2021,1242262,4641890,5459796,33531498,21247094,42453497,7208241,7054198,3585565,1146968,7531922,356838,90369,95914
9/22/2021,1247633,4645853,5477229,33563421,21283567,42586619,7227549,7061323,3597168,1147879,7565751,357209,92178,95957
9/23/2021,1254351,4649906,5493591,33594803,21308178,42713087,7248572,7068630,3608976,1148641,7601598,357571,93942,96011
9/24/2021,1256600,4653696,5508885,33624419,21327616,42889987,7269514,7075305,3619115,1149407,7637314,357977,95807,96051
9/25/2021,1262945,4657215,5519728,33652745,21343304,42940852,7291097,7080675,3619115,1149407,7667290,358352,97559,96081
9/26/2021,1266206,4660314,5533520,33678786,21351972,42988920,7313112,7085607,3632800,1149407,7700358,358724,99031,96116
9/27/2021,1270230,4662087,5547990,33697581,21366395,43158293,7334843,7087110,3635807,1149407,7737941,359062,100911,96148
9/28/2021,1274395,4665049,5559691,33716451,21381790,43269671,7355883,7094334,3645599,1151173,7772788,359538,102723,96177
9/29/2021,1277270,4668261,5572962,33739980,21399546,43393086,7377774,7100572,3655395,1152027,7808054,360103,105123,96199
9/30/2021,1282218,4672355,5587040,33766707,21427073,43503034,7401104,7106028,3664223,1152886,7843887,360550,107181,96233
10/1/2021,1285570,4675758,5601565,33791061,21445651,43655911,7425057,7111154,3671611,1153655,7878571,360999,109516,96274
10/2/2021,1287977,4679067,5611700,33813903,21459117,43698397,7449689,7116415,3678980,1153655,7908091,361457,111388,96302
10/3/2021,1290129,4682034,5624128,33834702,21468121,43738971,7474850,7120214,3678980,1153655,7937810,361839,113411,96329
10/4/2021,1293498,4683646,5638735,33853048,21478546,43893935,7500000,7121507,3684242,1153655,7972312,362219,115800,96358
10/5/2021,1296343,4686109,5651961,33871881,21499074,43991311,7524465,7127454,3684242,1155534,8005502,362720,117826,96385
10/6/2021,1298589,4689341,5662458,33894312,21516967,44101901,7548944,7137177,3691924,1156248,8044424,363298,120042,96410
10/7/2021,1300968,4692274,5674083,33915569,21532558,44202440,7575825,7142387,3707234,1157083,8084322,363915,122566,96432
10/8/2021,1302777,4695291,5683980,33935309,21550730,44328912,7602386,7147186,3714392,1157822,8119442,364626,125081,96451
10/9/2021,1304356,4698038,5691634,33953475,21567181,44359354,7631034,7152009,3714392,1157822,8158935,365259,127471,96475
10/10/2021,1305711,4700316,5702890,33971607,21575820,44395557,7658923,7156066,3723235,1157822,8192589,365803,129567,96500
10/11/2021,1307870,4701832,5716394,33985920,21582738,44500020,7687559,7157206,3725242,1157822,8232327,366388,131415,96512
10/12/2021,1309738,4704318,5729785,34001743,21590097,44606383,7714973,7163317,3732429,1159560,8270182,366992,133444,96534
10/13/2021,1311295,4707087,5742083,34020730,21597949,44727956,7742899,7164924,3738749,1160465,8311851,367797,136188,96560
10/14/2021,1312908,4709753,5754047,34037592,21612237,44814336,7773388,7174580,3744574,1161264,8356596,368575,138720,96565
10/15/2021,1314213,4712482,5765904,34053573,21627476,44924137,7804750,7180773,3749860,1161933,8400983,369293,141031,96579
10/16/2021,1315317,4715464,5773419,34067719,21638726,44958752,7837101,7185744,3755063,1161933,8443882,370046,143204,96600
10/17/2021,1316317,4717899,5784815,34081315,21644464,44989863,7870529,7189566,3757056,1161933,8488685,370655,145263,96627
10/18/2021,1317758,4719493,5796659,34094373,21651910,45094629,7903963,7190716,3758469,1161933,8537650,371407,147301,96648
10/19/2021,1319001,4722188,5809967,34108996,21664879,45175574,7936798,7196754,3762689,1163595,8581278,372197,149398,96678
10/20/2021,1319902,4725887,5821737,34127450,21680488,45267023,7969960,7202840,3767758,1164402,8630076,373336,151942,96699
10/21/2021,1320962,4729678,5833525,34143236,21697341,45345925,8005376,7209126,3772556,1165194,8681795,374659,154489,96747
10/22/2021,1321894,4733557,5844589,34159562,21711843,45441077,8041581,7215584,3777209,1165996,8730787,375982,156372,96792
10/23/2021,1322395,4737462,5851670,34175468,21723559,45469952,8078309,7221941,3781661,1165996,8775889,377333,158546,96836
10/24/2021,1323079,4741185,5860844,34189774,21729763,45487372,8112999,7226974,3781661,1165996,8814735,378760,160230,96874
10/25/2021,1324040,4743720,5868360,34202202,21735560,45603729,8149946,7228331,3784448,1165996,8851104,380186,162016,96937
10/26/2021,1324897,4747773,5877456,34215653,21748984,45672454,8185400,7235100,3784448,1168271,8894843,381564,163866,96976
10/27/2021,1325496,4752368,5888100,34231809,21766168,45773352,8220975,7242180,3788986,1169530,8938965,383506,165904,97015
10/28/2021,1326171,4757231,5899509,34246157,21781436,45850901,8260045,7248285,3798286,1170422,8978443,385513,167790,97079
10/29/2021,1326742,4762563,5909402,34260470,21793401,45944497,8298850,7254779,3802287,1171512,9021701,387390,169379,97157
10/30/2021,1327126,4767440,5916211,34273300,21804094,45976145,8338053,7262178,3805765,1171512,9062710,389132,170564,97229
10/31/2021,1327458,4771965,5924638,34285814,21810855,46007124,8377984,7268527,3807211,1171512,9100442,390727,172030,97320
11/1/2021,1328218,4774783,5934495,34296237,21814693,46122721,8417305,7270410,3807211,1171512,9140441,392262,173165,97391
11/2/2021,1331597,4777614,5944599,34308140,21821124,46193802,8455232,7272516,3808205,1174273,9174153,394332,174276,97501
11/3/2021,1332247,4782802,5954962,34321025,21835785,46278349,8494589,7282823,3811793,1175425,9215683,396407,175813,97604
11/4/2021,1332801,4788704,5964824,34333754,21849137,46360171,8533706,7292220,3814453,1176269,9252646,399127,177393,97682
11/5/2021,1333263,4795465,5973457,34344683,21862458,46456239,8573323,7301303,3818216,1177094,9286618,401445,178927,97742
11/6/2021,1333605,4802225,5980260,34355509,21874324,46489091,8613533,7310967,3825404,1177094,9317072,403590,180314,97811
11/7/2021,1333989,4808047,5987814,34366987,21880439,46524348,8651561,7319526,3826786,1177094,9346961,406035,181578,97900
11/8/2021,1334766,4812594,5996155,34377113,21886077,46636670,8689818,7321767,3826786,1177094,9379286,408404,182870,97962
11/9/2021,1335184,4818705,6004460,34388579,21897025,46716709,8727817,7334332,3831259,1179192,9412185,411070,184071,98016
11/10/2021,1335654,4826738,6012408,34401670,21909298,46811405,8764713,7346277,3831259,1180518,9451884,414175,185627,98080
11/11/2021,1336174,4835435,6019947,34414186,21924598,46866719,8804297,7358920,3838308,1181532,9495395,416326,187041,98176
11/12/2021,1336587,4843957,6027269,34426036,21939196,47012970,8843238,7362807,3838308,1182471,9534544,420919,188493,98251
11/13/2021,1336882,4852496,6031575,34437307,21953838,47053803,8881306,7377483,3841661,1182471,9572351,423992,189608,98340
11/14/2021,1337190,4860061,6037718,34447536,21957967,47083964,8918926,7389989,3844791,1182471,9608568,427251,190603,98392
11/15/2021,1337781,4865260,6045212,34456401,21960766,47222751,8956136,7393296,3845733,1182471,9649233,430997,191617,98414
11/16/2021,1338233,4873075,6051642,34466598,21965684,47310337,8991748,7413180,3846508,1185093,9686363,434978,192845,98445
11/17/2021,1338813,4883242,6057893,34478517,21977661,47421741,9027163,7433545,3851079,1186387,9724617,438938,194112,98480
11/18/2021,1339258,4893887,6063775,34489623,21989962,47531319,9063318,7453941,3854994,1187607,9772670,443017,195617,98504
11/19/2021,1339723,4904441,6069559,34499925,22003317,47660379,9099253,7475211,3854994,1188735,9817505,447141,196977,98527
11/20/2021,1340084,4915981,6073098,34510413,22012150,47701872,9135149,7497912,3858831,1188735,9857658,450974,198442,98544
11/21/2021,1340435,4925688,6077438,34518901,22017276,47730591,9170898,7517669,3862137,1188735,9897206,454389,199649,98582