DAY,Date for China,Australia,Brazil,China,Denmark,France,Germany,India,Iran,Italy,Mexico,Norway,Philippines,Russia,Spain,S Korea,Sweden,UK,US
1,1/27/2020,60,77,82,65,79,67,72,66,79,60,62,68,63,133,60,60,65,70
2,1/28/2020,61,92,131,72,91,84,72,77,107,79,71,71,76,195,66,81,82,97
3,1/29/2020,62,111,133,77,91,94,86,92,148,94,76,78,94,289,66,103,116,134
4,1/30/2020,63,136,171,90,148,123,99,107,197,125,89,88,106,342,72,134,162,194
5,1/31/2020,63,159,213,104,148,157,136,124,233,141,101,96,130,533,75,166,194,266
6,2/1/2020,66,201,259,123,148,206,150,145,366,174,108,107,148,623,75,201,252,372
7,2/2/2020,67,240,361,139,243,267,178,194,463,194,113,136,170,830,81,239,288,475
8,2/3/2020,67,324,425,161,450,342,226,237,631,233,119,144,198,1043,84,284,364,603
9,2/4/2020,67,359,491,179,562,433,246,291,827,273,128,152,232,1375,91,332,512,790
10,2/5/2020,67,445,563,187,674,533,288,354,1016,296,134,163,273,1772,94,385,703,1033
11,2/6/2020,67,486,633,203,860,645,331,429,1266,332,139,177,313,2311,102,455,884,1366
12,2/7/2020,75,564,718,218,1100,775,358,514,1441,406,150,182,361,2808,111,535,1172,1783
13,2/8/2020,79,686,805,237,1331,920,393,611,1809,449,152,203,405,3647,111,605,1464,2305
14,2/9/2020,80,819,905,247,1695,1107,405,724,2158,486,161,221,456,4365,120,373,1676,3018
15,2/10/2020,83,950,1012,260,1994,1275,448,853,2503,546,164,247,513,5138,126,401,2050,3573
16,2/11/2020,83,1057,1112,273,2311,1444,486,988,2978,650,165,297,555,5982,131,477,2453,4280
17,2/12/2020,89,1124,1117,285,2603,1584,521,1135,3405,686,181,315,615,6803,139,591,3125,5359
18,2/13/2020,91,1223,1369,299,3020,1810,559,1284,4032,712,182,335,681,7716,144,687,3782,6635
19,2/14/2020,93,1328,1521,309,3517,2016,592,1433,4825,857,187,349,747,8464,152,793,4518,8146
20,2/15/2020,93,1532,1663,321,4767,2349,645,1556,5476,970,194,362,794,9387,158,870,5274,9566
21,2/16/2020,94,1736,1766,336,5376,2607,681,1685,6077,1069,199,387,867,10348,162,887,5873,11172
22,2/17/2020,95,1924,1864,346,6496,2767,721,1812,6820,1221,201,397,972,11198,165,899,6440,12790
23,2/18/2020,96,2141,2003,355,7548,2736,780,1934,7503,1305,201,409,1073,11947,169,919,7545,14523
24,2/19/2020,97,2354,2116,364,8066,3022,825,2077,8215,1351,205,428,1169,12641,174,1033,8575,17099
25,2/20/2020,97,2462,2238,370,8899,3194,881,2234,9134,1434,206,437,1222,13341,177,1203,9691,19250
26,2/21/2020,97,2587,2238,384,10315,3294,939,2378,10023,1569,207,446,1280,14045,183,1333,10813,21463
27,2/22/2020,97,2741,2443,394,10856,3804,1008,2517,10779,1732,210,462,1356,14792,186,1400,11656,23649
28,2/23/2020,97,2906,2445,403,12196,4052,1079,2640,11591,1859,210,477,1451,15447,192,1511,12313,25790
29,2/24/2020,97,3331,2595,418,13181,4352,1154,2757,12428,1972,211,494,1537,16081,200,1540,13037,27679
30,2/25/2020,97,3704,2665,422,13816,4459,1223,2898,13155,2061,211,501,1625,16606,204,1580,14113,29657
31,2/26/2020,98,4057,2717,427,14377,4586,1323,3036,13915,2154,214,511,1723,17209,208,1765,14993,32132
32,2/27/2020,98,4286,2746,434,14950,4862,1391,3160,14681,2271,215,530,1827,17756,211,1937,16029,34719
33,2/28/2020,98,4603,2790,443,15693,5033,1566,3294,15362,2507,216,558,1915,18056,214,2021,16942,36908
34,2/29/2020,98,5083,2837,452,17129,5279,1693,3452,15887,2704,217,568,2009,18708,217,2152,18047,39007
35,3/1/2020,98,5513,2872,460,17882,5575,1785,3603,16523,2961,218,579,2116,19315,222,2192,18479,40951
36,3/2/2020,99,6006,2914,475,18642,5760,1889,3739,17127,3160,219,603,2212,20002,225,2194,19049,42934
37,3/3/2020,99,6412,2947,484,19283,5877,1985,3872,17669,3353,219,607,2305,20043,229,2274,20273,45179
38,3/4/2020,100,6761,2983,493,19668,5976,2101,3993,18279,3465,224,623,2418,20453,230,2355,21120,47662
39,3/5/2020,100,7051,3015,503,20214,6126,2212,4110,18849,3573,228,637,2537,20852,232,2462,21802,50119
40,3/6/2020,101,7367,3044,506,20736,6314,2294,4232,19468,3926,229,658,2631,21282,234,2586,22812,52543
41,3/7/2020,101,7938,3072,514,21280,6467,2415,4357,19899,4220,232,685,2722,21717,236,2653,23627,54712
42,3/8/2020,102,8588,3100,522,21796,6623,2551,4474,20465,4477,232,696,2837,22157,237,2669,23991,56444
43,3/9/2020,102,9190,3123,526,22185,6736,2649,4585,21067,4767,232,704,2972,22524,238,2679,24311,57850
44,3/10/2020,102,10017,3139,529,22554,6812,2753,4683,21645,5045,232,719,3099,22902,240,2769,25280,59330
45,3/11/2020,103,10656,3161,533,22796,6866,2871,4777,22170,5177,233,726,3249,23190,240,2854,26049,61571
46,3/12/2020,103,11123,3172,527,23233,6993,3025,4869,22745,5332,233,751,3388,23521,242,2941,26683,63962
47,3/13/2020,103,11653,3180,533,23600,6993,3156,4958,23227,5666,234,772,3541,23822,243,3040,27381,66154
48,3/14/2020,103,12461,3193,537,24026,7275,3302,5031,23660,6090,235,790,3633,24275,244,3175,27965,68063
49,3/15/2020,103,13240,3203,537,24315,7392,3434,5118,24114,6510,235,806,3807,24543,246,3220,28218,69804
50,3/16/2020,103,13999,3217,543,24532,7510,3584,5209,24648,6989,235,817,3968,24543,247,3225,28490,71007
51,3/17/2020,102,14962,3230,547,24729,7549,3726,5297,25085,7179,235,824,4142,25100,248,3256,29216,72365
52,3/18/2020,102,15662,3241,548,24862,7569,3868,5391,25549,7394,235,831,4374,25264,250,3313,29863,74586
53,3/19/2020,102,16118,3249,551,25168,7661,4024,5481,25969,7633,235,837,4555,25428,250,3460,30321,76905
54,3/20/2020,102,16853,3253,554,25498,7738,4172,5574,26384,8134,235,842,4693,25613,252,3529,30900,78822
55,3/21/2020,102,17983,3259,561,25772,7861,4344,5650,26644,8597,236,846,4849,25857,254,3646,31175,80594
56,3/22/2020,102,18859,3274,561,25950,7884,4534,5710,26977,9044,236,857,5031,26070,255,3674,31392,82058
57,3/23/2020,102,20047,3274,561,26192,7897,4711,5806,27359,9415,236,863,5208,26299,256,3679,31579,83059
58,3/24/2020,102,21048,3281,562,26271,7938,4980,5877,27682,9779,236,868,5376,26478,256,3698,32193,84093
59,3/25/2020,102,22013,3285,563,26341,7962,5185,5957,27967,9930,236,873,5520,26621,256,3743,32640,85684
60,3/26/2020,102,22666,3291,563,26604,8003,5408,6028,28236,10167,237,886,5717,26744,256,3831,32992,87416
61,3/27/2020,102,23473,3296,565,26951,8081,5608,6091,28710,10637,237,904,5851,26920,256,3871,33342,89197
62,3/28/2020,102,24512,3299,568,27034,8144,5829,6156,28884,11729,238,921,5963,27104,258,3925,33753,90862
63,3/29/2020,102,25598,3304,568,27383,8203,6088,6203,29079,12545,238,942,6134,27321,259,3992,33820,92060
64,3/30/2020,102,26754,3308,571,27485,8228,6363,6277,29315,13170,238,950,6350,27459,260,3998,33966,92891
65,3/31/2020,102,27878,3309,574,27581,8261,6649,6340,29684,13511,238,957,6522,27563,260,4029,34466,94110
66,4/1/2020,102,28834,3316,576,28064,8283,6946,6418,29958,13699,239,960,6705,27563,262,4125,34794,95555
67,4/2/2020,102,29314,3322,580,28193,8309,7207,6486,30201,14053,239,966,6819,27709,262,4220,35067,97052
68,4/3/2020,102,29937,3326,580,27976,8372,7473,6541,30395,14649,239,974,6938,27778,263,4266,35358,98246
69,4/4/2020,102,31199,3330,582,28085,8428,7750,6589,30560,15357,242,984,7081,27888,263,4350,35578,99450
70,4/5/2020,102,32548,3333,586,28167,8470,8102,6640,30739,15944,242,987,7274,27940,263,4395,35957,100524
71,4/6/2020,102,34021,3335,587,28315,8504,8498,6685,30911,16448,242,994,7468,28628,264,4395,36061,101165
72,4/7/2020,102,35026,3335,589,28401,8530,8884,6733,31106,16872,242,1003,7650,28678,264,4403,36192,101762
73,4/8/2020,103,35930,3337,593,28319,8540,9195,6783,31368,17141,242,1011,7831,28752,266,4468,36614,102418
74,4/9/2020,104,36455,3339,593,28408,8555,9520,6854,31610,17580,242,1017,7992,26834,266,4542,36957,103896
75,4/10/2020,104,37134,3340,593,28545,8563,9900,6902,31763,18310,243,1027,8101,27117,267,4562,37231,104985
76,4/11/2020,104,38406,3343,593,28546,8602,11903,6937,31908,19080,244,1036,8196,27117,269,4639,37385,106103
77,4/12/2020,104,39680,3343,594,28612,8635,12237,6988,32007,19747,244,1052,8349,27119,269,4656,37445,107053
78,4/13/2020,104,40919,3345,597,28663,8658,12573,7057,32169,20394,244,1074,8503,27121,269,4659,37531,107674
79,4/14/2020,104,41828,3345,597,28720,8673,12948,7119,32330,20781,244,1088,8594,27125,269,4694,37780,108445
80,4/15/2020,104,42720,3346,598,28751,8685,13254,7183,32486,21825,248,1098,8770,27127,269,4717,38034,109428
81,4/16/2020,104,43332,3346,598,28780,8695,13699,7249,32616,22584,248,1103,8958,27127,270,4795,38164,110437
82,4/17/2020,104,43959,4636,598,28886,8736,14011,7300,32735,23377,249,1108,9060,27127,271,4814,38422,111443
83,4/18/2020,104,45241,4636,600,28967,8752,14476,7359,32785,24324,249,1116,9152,27128,272,4854,38565,112321
84,4/19/2020,104,46510,4636,600,29011,8772,14894,7417,32877,25060,249,1130,9306,27133,273,4874,38619,112958
85,4/20/2020,106,47748,4636,600,29056,8783,15301,7451,32955,25779,249,1150,9521,27134,273,4874,38666,113415
86,4/21/2020,106,48954,4636,600,29087,8793,15685,7508,33072,26381,249,1169,9668,27135,273,4891,38861,113926
87,4/22/2020,106,49976,4636,602,29100,8801,16095,7564,33142,26648,249,1177,9844,27136,273,4939,39025,114840
88,4/23/2020,106,50591,4636,603,29154,8807,16475,7627,33229,27121,250,1186,10011,27136,273,5041,39101,115716
89,4/24/2020,106,51271,4636,603,29239,8820,16893,7677,33340,27769,251,1204,10145,27136,273,5053,39232,116532
90,4/25/2020,107,52645,4636,603,29260,8851,17400,7734,33415,28510,251,1212,10280,27136,274,5053,39339,117355
91,4/26/2020,108,53830,4637,604,29287,8875,17834,7797,33475,29189,251,1224,10478,27136,276,5053,39366,118077
92,4/27/2020,108,54971,4637,604,29315,8887,18213,7878,33530,29843,251,1236,10650,27136,276,5053,39395,118424
93,4/28/2020,108,55961,4637,604,29339,8895,18655,7942,33601,30366,251,1244,10826,27136,277,5053,39515,118825
94,4/29/2020,111,57070,4637,605,29347,8895,19268,8012,33689,30639,251,1255,11000,27136,277,5161,39625,119612
95,4/30/2020,113,57622,4637,605,29375,8899,19693,8071,33774,31119,251,1266,11188,27136,277,5209,39692,120360
96,5/1/2020,116,58314,4637,606,29487,8914,20159,8134,33846,32014,251,1270,11318,27136,277,5230,39776,121058
97,5/2/2020,118,59594,4637,606,29512,8928,20642,8209,33899,32796,252,1274,11422,27136,278,5280,39847,121684
98,5/3/2020,122,60632,4637,606,29540,8940,21129,8281,33964,33526,252,1280,11597,27136,279,5280,39878,122257
99,5/4/2020,123,61884,4637,606,29554,8965,21604,8351,34043,34191,252,1290,11753,28315,280,5280,39892,122574
100,5/5/2020,126,63174,4637,606,29570,8968,22123,8425,34114,34730,252,1297,11920,28322,280,5280,39986,122952
101,5/6/2020,128,64265,4637,607,29575,8968,22673,8506,34167,35006,253,1303,12106,28323,280,5333,40073,123691
102,5/7/2020,133,64867,4637,609,29597,8976,23174,8584,34223,35491,253,1309,12228,28324,280,5370,40172,124446
103,5/8/2020,139,65487,4637,609,29651,8990,23727,8659,34301,36327,253,1314,12323,28325,280,5411,40249,124994
104,5/9/2020,145,66741,4637,609,29662,8995,24309,8730,34345,36906,254,1314,12408,28327,281,5420,40289,125620
105,5/10/2020,155,67964,4637,609,29679,9006,24914,8837,34371,37574,255,1360,12561,28330,281,5420,40320,126116
106,5/11/2020,161,69184,4637,609,29704,9010,25602,8950,34405,38310,255,1372,12726,28338,282,5420,40341,126437
107,5/12/2020,167,70398,4637,609,29704,9020,26273,9065,34448,38888,255,1534,12873,28341,282,5420,40394,126806
108,5/13/2020,176,71469,4637,610,29704,9023,26816,9185,34514,39184,255,1599,13026,28343,282,5447,40491,127365
109,5/14/2020,189,72100,4637,610,29736,9022,27497,9272,34561,39485,255,1603,13172,28346,282,5482,40532,128063
110,5/15/2020,196,72833,4637,610,29763,9032,28082,9392,34610,40400,255,1614,13249,28355,282,5500,40581,128802
111,5/16/2020,201,74133,4638,610,29781,9046,28732,9507,34634,41190,255,1643,13334,28364,282,5526,40613,129479
112,5/17/2020,208,75366,4638,611,29794,9057,29861,9623,34657,41908,255,1660,13483,28368,282,5526,40632,129781
113,5/18/2020,221,76688,4638,611,29812,9063,30601,9742,34675,42645,255,1773,13650,28385,282,5526,40643,130103
114,5/19/2020,232,77851,4638,611,29812,9070,31358,9863,34644,43374,255,1831,13778,28385,282,5526,40697,130474
115,5/20/2020,247,78772,4638,611,29812,9071,32060,9996,34678,43680,255,1835,13939,28385,283,5545,40754,131616
116,5/21/2020,255,79488,4638,611,29838,9074,32771,10130,34708,44022,255,1837,14034,28388,283,5572,40785,132457
117,5/22/2020,266,80120,4638,611,29847,9078,33408,10239,34716,44876,255,1843,14104,28392,284,5593,40819,133488
118,5/23/2020,278,81487,4638,612,29877,9080,34193,10364,34738,45361,255,1871,14183,28396,285,5619,40836,134304
119,5/24/2020,295,82771,4638,613,29890,9087,34955,10508,34744,46000,255,1879,14327,28401,285,5619,40845,135058
120,5/25/2020,313,84082,4638,613,29914,9088,35718,10670,34767,46688,255,1897,14465,28403,287,5619,40855,135531
121,5/26/2020,331,85238,4638,613,29914,9091,36511,10817,34788,47472,255,1932,14579,28403,288,5619,40899,135966
122,5/27/2020,352,86449,4638,613,29914,9092,37364,10958,34818,47746,256,1945,14698,28403,288,5646,40925,136862
123,5/28/2020,361,87004,4638,613,29934,9094,38135,11106,34833,48012,256,1947,14827,28406,289,5667,40949,137827
124,5/29/2020,375,87618,4638,614,29934,9099,38938,11260,34854,48869,256,1962,14903,28409,289,5676,40975,138788
125,5/30/2020,379,88539,4638,615,30020,9102,39795,11408,34861,49698,256,1983,14973,28413,289,5697,40984,139703
126,5/31/2020,396,90134,4638,615,30036,9110,40699,11571,34869,50517,256,2023,15103,28416,289,5697,40995,140585
127,6/1/2020,421,91263,4638,615,30049,9120,41585,11731,34899,51311,256,2039,15231,28420,291,5697,41005,141061
128,6/2/2020,438,92475,4638,615,30049,9124,42518,11931,34914,52006,256,2059,15353,28420,293,5697,41030,141590
129,6/3/2020,450,93563,4638,616,30049,9124,43379,12084,34926,52298,256,2104,15467,28420,294,5702,41047,142686
130,6/4/2020,463,94104,4638,616,30071,9125,44386,12305,34938,53003,256,2115,15585,28422,295,5730,41056,143911
131,6/5/2020,472,94665,4638,616,30057,9131,45257,12447,34945,53929,256,2123,15653,28424,296,5739,41088,144997
132,6/6/2020,485,95819,4638,617,30063,9135,46091,12635,34954,54666,257,2150,15707,28426,296,5743,41103,146091
133,6/7/2020,502,97256,4638,617,30073,9144,47033,12829,34967,55293,261,2168,15836,28429,297,5743,41111,147060
134,6/8/2020,517,98493,4638,617,30082,9147,48040,13032,34984,55908,261,2209,15951,28432,297,5743,41114,147594
135,6/9/2020,525,99572,4638,617,30082,9154,49036,13211,34997,56543,261,2270,16058,28432,298,5743,41135,148694
136,6/10/2020,549,100477,4638,620,30082,9154,49980,13410,35017,56757,261,2294,16148,28432,298,5747,41169,149916
137,6/11/2020,572,101049,4638,621,30098,9154,50921,13608,35028,57023,262,2312,16268,28434,298,5760,41169,151356
138,6/12/2020,583,101752,4638,621,30110,9163,51797,13791,35042,57774,262,2404,16341,28436,299,5766,41189,152645
139,6/13/2020,600,103026,4638,621,30123,9179,52888,13979,35045,58481,264,2426,16406,28441,300,5763,41202,153828
140,6/14/2020,611,104201,4638,621,30139,9181,53866,14188,35058,59106,264,2442,16524,28443,300,5763,41207,154947
141,6/15/2020,652,105463,4638,621,30150,9195,54849,14405,35073,59610,264,2600,16638,28445,300,5763,41208,155404
142,6/16/2020,657,106523,4638,621,30150,9201,55794,14634,35082,60254,264,2665,16758,28445,301,5763,41226,155963
143,6/17/2020,663,107232,4638,621,30150,9202,56706,14853,35092,60480,264,2681,16866,28445,301,5770,41240,157218
144,6/18/2020,678,107852,4638,621,30179,9203,57542,15074,35097,60800,264,2687,16977,28472,301,5774,41258,158626
145,6/19/2020,737,108536,4638,621,30180,9208,58390,15289,35102,61450,264,2795,17045,28498,301,5776,41270,159807
146,6/20/2020,748,109888,4639,621,30188,9213,59357,15484,35107,62076,264,2883,17128,28499,301,5783,41273,161098
147,6/21/2020,753,111100,4639,621,30192,9217,60472,15700,35112,62594,264,2940,17250,28500,302,5783,41278,162185
148,6/22/2020,762,112304,4639,622,30204,9230,61529,15912,35123,63146,264,2966,17365,28503,302,5783,41296,162757
149,6/23/2020,770,113358,4640,622,30204,9235,62550,16147,35129,63819,264,2998,17479,28503,303,5783,41309,163274
150,6/24/2020,781,114250,4640,623,30204,9235,63498,16343,35132,64158,264,3010,17598,28503,304,5790,41329,164371
151,6/25/2020,788,114744,4641,623,30218,9236,64469,16569,35141,64414,264,3038,17707,28576,305,5802,41347,165886
152,6/26/2020,797,115309,4641,623,30231,9241,65288,16766,35146,65241,264,3137,17768,28581,305,5805,41358,166924
153,6/27/2020,803,116580,4641,624,30248,9249,66333,16982,35154,65816,264,3234,17818,28579,305,5810,41361,168233
154,6/28/2020,810,117665,4641,624,30264,9263,67376,17190,35166,66329,264,3325,17939,28605,305,5810,41366,169278
155,6/29/2020,816,118649,4641,624,30281,9266,68472,17405,35171,66851,264,3419,18080,28617,305,5810,41369,169886
156,6/30/2020,816,119504,4641,624,30282,9272,69561,17617,35181,67326,264,3520,18207,28617,305,5810,41381,170355
157,7/1/2020,824,120262,4641,624,30283,9275,70626,17802,35187,67558,264,3558,18309,28617,305,5814,41397,171578
158,7/2/2020,832,120828,4641,625,30302,9276,71642,17976,35190,67781,264,3597,18426,28646,305,5817,41403,172865
159,7/3/2020,837,121381,4641,626,30323,9281,72775,18132,35203,68484,264,3623,18517,28670,305,5820,41405,173972
160,7/4/2020,844,122596,4641,626,30340,9285,73890,18264,35205,69049,265,3688,18573,28797,306,5821,41423,175073
161,7/5/2020,849,123780,4641,627,30351,9290,75062,18427,35209,69649,265,3737,18723,28813,306,5821,41429,176052
162,7/6/2020,851,124614,4641,627,30374,9290,76271,18616,35215,70183,265,3790,18853,28838,307,5821,41433,176547
163,7/7/2020,854,125502,4641,627,30382,9299,77472,18800,35225,70604,265,3875,18996,28838,309,5821,41449,176989
164,7/8/2020,859,126203,4641,628,30382,9300,78586,18988,35231,70821,265,3890,19128,28838,309,5813,41465,178223
165,7/9/2020,861,126650,4641,628,30397,9303,79722,19162,35234,71049,265,3916,19270,28872,309,5820,41477,179401
166,7/10/2020,869,126960,4641,628,30416,9307,80776,19331,35392,71678,265,3986,19349,28924,309,5832,41486,180516
167,7/11/2020,870,127464,4641,629,30416,9322,82066,19492,35396,71978,266,4066,19420,28971,310,5835,41498,181457
168,7/12/2020,872,128539,4641,629,30448,9322,83198,19639,35400,72179,267,4108,19575,28996,312,5835,41499,182440
169,7/13/2020,875,129522,4641,630,30465,9327,84372,19804,35405,72803,267,4292,19720,29011,313,5835,41501,182889
170,7/14/2020,882,130396,4642,631,30471,9329,85619,19972,35412,73258,267,4371,19867,29011,316,5835,41504,183383
171,7/15/2020,886,131210,4644,633,30474,9330,86752,20125,35418,73493,267,4630,19973,29011,321,5838,41514,184444
172,7/16/2020,888,131625,4644,633,30501,9331,87882,20264,35427,73697,267,4663,20140,29094,323,5842,41527,185496
173,7/17/2020,890,132006,4645,633,30525,9336,88935,20376,35430,74348,267,4732,20239,29152,324,5843,41537,186527
174,7/18/2020,893,133119,4646,635,30547,9342,90020,20502,35437,74949,270,4785,20299,29194,324,5846,41549,187506
175,7/19/2020,894,134106,4646,635,30564,9345,91149,20643,35441,75439,270,4830,20456,29234,326,5846,41551,188326
176,7/20/2020,894,134935,4646,635,30542,9348,92290,20776,35445,75844,270,4930,20630,29418,329,5846,41554,188766
177,7/21/2020,895,135793,4648,638,30553,9352,93379,20901,35458,76243,270,4984,20796,29418,331,5846,41586,189086
178,7/22/2020,897,136532,4648,640,30555,9354,94503,21020,35463,76430,274,4999,20981,29418,333,5846,41594,189554
179,7/23/2020,897,136895,4649,641,30578,9356,95542,21137,35472,76603,274,5049,21153,29516,334,5860,41608,190659
180,7/24/2020,897,137272,4650,643,30616,9367,96318,21249,35473,77163,274,5091,21260,29594,336,5864,41614,191583
181,7/25/2020,897,138105,4652,645,30643,9373,97497,21359,35477,77646,274,5127,21375,29628,341,5865,41623,192739
182,7/26/2020,898,138105,4652,647,30661,9376,98678,21462,35483,78078,275,5196,21559,29699,344,5865,41628,193488
183,7/27/2020,898,139808,4656,648,30740,9386,99773,21571,35491,78492,275,5284,21755,29747,346,5865,41637,193888
184,7/28/2020,899,140537,4657,649,30757,9388,100842,21672,35497,78880,275,5344,21939,29747,350,5865,41664,194311
185,7/29/2020,904,141406,4658,649,30761,9390,101782,21797,35507,79088,275,5381,22137,29747,355,5865,41684,195513
186,7/30/2020,904,141741,4659,650,30795,9390,102685,21926,35518,81877,275,5448,22331,29848,358,5876,41705,196468
187,7/31/2020,904,142058,4661,650,30844,9405,103569,22044,35534,82348,275,5504,22471,30004,363,5878,41732,197334
188,8/1/2020,904,142921,4667,651,30889,9423,104555,22154,35541,82726,275,5562,22594,30243,367,5880,41759,198294
189,8/2/2020,904,143952,4669,652,30936,9436,105526,22293,35553,83096,275,5616,22834,30405,367,5880,41777,199005
190,8/3/2020,905,144680,4672,654,31090,9451,106490,22410,35563,83497,275,5678,23069,30495,372,5880,41788,199275
191,8/4/2020,905,144680,4676,658,31115,9459,107416,22542,35577,83642,275,5776,23350,30495,377,5880,41825,199688
192,8/5/2020,905,145987,4677,659,31126,9464,108334,22669,35587,83781,276,5840,23580,30495,378,5880,41862,200723
193,8/6/2020,905,146352,4680,663,31179,9468,109150,22798,35597,83945,277,5865,23857,30663,383,5893,41902,201788
194,8/7/2020,905,146675,4681,663,31256,9483,109856,22913,35603,84420,277,5925,24039,30904,385,5893,41936,202695
195,8/8/2020,905,147494,4681,665,31283,9495,110586,23029,35610,84898,278,6069,24205,31034,388,5895,41971,203610
196,8/9/2020,905,148228,4686,665,31333,9509,111266,23157,35624,85285,278,6152,24473,31118,388,5895,41988,204393
197,8/10/2020,905,148957,4689,667,31483,9518,112161,23313,35633,85704,278,6238,24786,31232,393,5895,42001,204705
198,8/11/2020,905,149639,4693,669,31522,9531,112998,23453,35645,86059,278,6321,25072,31232,395,5895,42072,205046
199,8/12/2020,907,150198,4697,671,31549,9533,114031,23632,35658,86167,278,6332,25353,31232,399,5895,42143,205948
200,8/13/2020,907,150488,4700,674,31630,9554,114610,23808,35668,86338,278,6372,25647,31411,401,5892,42202,206880
201,8/14/2020,907,150689,4701,675,31701,9566,115197,23952,35692,86893,279,6449,25875,31411,406,5892,42268,207796
202,8/15/2020,907,150998,4703,677,31761,9582,115914,24118,35707,87415,279,6497,26092,31791,407,5894,42317,208637
203,8/16/2020,907,151747,4703,677,31817,9594,116616,24301,35724,87415,279,6531,26409,31973,413,5894,42350,209323
204,8/17/2020,907,152460,4703,679,31952,9599,117306,24478,35738,88312,279,6603,26752,32086,415,5894,42369,209692
205,8/18/2020,907,153214,4705,680,31977,9620,117956,24656,35758,88743,279,6652,27111,32086,416,5894,42445,210174
206,8/19/2020,907,153675,4706,686,32009,9626,118534,24840,35781,88924,279,6675,27462,32086,420,5894,42515,210875
207,8/20/2020,907,153675,4709,688,32078,9640,119014,25015,35801,89171,280,6690,27787,32225,421,5907,42592,211794
208,8/21/2020,907,154176,4709,690,32143,9682,119502,25222,35818,89814,280,6747,28026,32486,422,5910,42679,212776
209,8/22/2020,907,154837,4711,694,32222,9716,120010,25394,35835,90309,281,6783,28264,32562,422,5918,42760,213749
210,8/23/2020,907,155403,4711,697,32295,9739,120527,25589,35851,90773,282,6915,28611,32688,425,5918,42825,214409
211,8/24/2020,907,155900,4711,700,32404,9773,121090,25779,35875,91289,282,6934,28996,32929,427,5918,42875,214876
212,8/25/2020,907,156471,4712,702,32439,9785,121641,25986,35894,91753,282,6977,29285,32929,428,5918,43018,215274
213,8/26/2020,907,156903,4713,708,32485,9798,122111,26169,35918,91895,282,7039,29654,32929,430,5918,43155,216051
214,8/27/2020,907,157134,4715,709,32580,9842,122607,26380,35941,92100,282,7053,30010,33124,432,5929,43293,217050
215,8/28/2020,907,157397,4718,715,32687,9882,123097,26567,35968,92593,282,7114,30292,33204,433,5930,43429,217895
216,8/29/2020,907,157946,4721,716,32791,9911,123611,26746,35986,93228,284,7147,30546,33413,434,5933,43579,218838
217,8/30/2020,907,158456,4722,719,32876,9960,124315,26957,36002,93772,285,7185,30899,33553,438,5933,43646,219658
218,8/31/2020,907,158969,4723,721,33054,9978,124985,27192,36030,94323,285,7221,31326,33775,439,5933,43726,220121
219,9/1/2020,907,159477,4724,723,33127,10035,125562,27419,36061,94808,285,7238,31755,33775,441,5933,43967,220611
220,9/2/2020,907,159884,4727,724,33212,10062,126121,27658,36083,95027,285,7269,32156,33775,443,5933,44158,221548
221,9/3/2020,907,160074,4728,728,33358,10091,126611,27888,36111,95225,285,7318,32536,33992,444,5927,44347,222722
222,9/4/2020,907,160253,4728,729,33620,10121,127059,28098,36140,95842,285,7367,32885,34210,444,5934,44571,223579
223,9/5/2020,907,160496,4728,733,33782,10218,127571,28293,36166,96430,291,7409,33184,34366,447,5938,44745,224529
224,9/6/2020,907,161106,4730,738,33936,10305,128121,28544,36205,97056,294,7461,33619,34521,450,5938,44896,225492
225,9/7/2020,907,161106,4732,740,34234,10391,128668,28816,36246,97624,294,7485,34068,34752,453,5938,44998,225950
226,9/8/2020,907,162015,4733,743,34370,10483,129188,29070,36289,98259,294,7539,34525,34752,455,5938,45365,226472
227,9/9/2020,907,162269,4733,747,34349,10513,129635,29349,36372,98542,294,7647,34980,34752,457,5938,45675,227483
228,9/10/2020,907,162397,4733,750,34732,10669,130070,29605,36427,98861,298,7661,35442,35031,457,5997,45955,228517
229,9/11/2020,907,162628,4733,753,35253,10717,130519,29870,36474,99026,300,7710,35838,35298,457,6002,46229,229520
230,9/12/2020,907,162802,4734,755,35496,10949,130993,30123,36543,99528,305,7721,36192,35466,460,6022,46555,230584
231,9/13/2020,907,163368,4734,756,35728,11110,131578,30375,36616,100104,306,7752,36675,35639,461,6022,46717,231515
232,9/14/2020,908,164281,4735,757,36273,11240,132162,30712,36705,100823,306,7791,37173,35878,462,6022,46853,232018
233,9/15/2020,908,164737,4736,760,36495,11306,132726,31034,36832,101373,306,7832,37688,35878,463,6022,47250,232575
234,9/16/2020,908,165658,4736,764,36726,11372,133227,31346,36968,101676,311,7839,38175,35878,464,6022,47742,234172
235,9/17/2020,908,165798,4736,768,37142,11408,133738,31650,37059,101926,314,7862,38676,36257,466,6082,48120,235292
236,9/18/2020,908,166014,4737,770,38414,11781,134218,31985,37210,102739,316,7957,39127,36495,468,6122,48475,236457
237,9/19/2020,908,166699,4737,773,38376,11994,134699,32320,37338,103597,316,7998,39491,38118,472,6164,48888,237671
238,9/20/2020,908,167455,4737,778,38730,12216,135223,32616,37479,104242,328,8025,40050,38486,474,6164,49044,238788
239,9/21/2020,908,168061,4737,781,39558,12404,135715,32953,37700,104873,328,8080,40630,38833,475,6164,49238,239351
240,9/22/2020,908,168613,4737,784,39861,12511,136200,33299,37905,105459,328,8123,41173,38833,476,6164,49770,240110
241,9/23/2020,908,168989,4738,789,40131,12573,136696,33714,38122,105655,332,8173,41730,38833,477,6164,50365,241526
242,9/24/2020,908,169183,4738,797,40679,12833,137139,34113,38321,105940,334,8185,42228,39345,478,6321,50928,242969
243,9/25/2020,908,169485,4739,802,41897,13138,137621,34478,38618,106765,351,8215,42675,39345,480,6340,51304,244173
244,9/26/2020,908,170115,4739,811,42225,13390,138122,34864,38826,107565,353,8242,43122,40105,485,6406,51766,245373
245,9/27/2020,908,170769,4739,816,42640,13662,138648,35298,39059,108173,354,8255,43674,40461,487,6406,51934,246746
246,9/28/2020,908,171460,4739,823,43572,13918,139188,35738,39412,108863,354,8333,44220,40769,487,6406,52147,247534
247,9/29/2020,908,171974,4739,829,43925,14061,139700,36160,39764,109456,354,8373,44769,40769,488,6406,52745,248348
248,9/30/2020,908,172561,4739,837,44227,14159,140182,36579,40192,109717,359,8392,45370,40769,492,6406,53274,250057
249,10/1/2020,908,172833,4739,846,44733,14460,140573,36985,40638,110074,361,8418,45923,41253,493,6555,53775,251999
250,10/2/2020,908,173120,4739,852,45950,14832,140958,37409,41063,110874,361,8436,46404,41688,494,6622,54286,254041
251,10/3/2020,908,173817,4739,858,46375,15210,141360,37832,41394,111655,382,8446,46846,42039,494,6681,54626,255990
252,10/4/2020,908,174515,4739,867,46792,15640,141772,38291,41750,112326,387,8509,47410,42291,496,6681,55024,257628
253,10/5/2020,908,175270,4739,878,47930,16011,142185,38749,42330,113019,387,8526,47994,42619,498,6681,55230,258689
254,10/6/2020,908,175964,4739,885,48182,16181,142628,39202,42953,113704,387,8554,48568,42619,501,6681,55838,259762
255,10/7/2020,908,176628,4739,894,48396,16306,143019,39664,43589,113953,393,8572,49170,42619,503,6681,56533,261898
256,10/8/2020,908,176941,4739,901,48896,16694,143355,40121,44139,114298,395,8670,49744,43131,505,6972,57031,264151
257,10/9/2020,908,177317,4739,904,49900,17177,143709,40582,44683,115099,402,8677,50242,43668,509,7007,57551,265554
258,10/10/2020,908,178159,4739,918,50281,17659,144096,41034,45229,115769,404,8701,50723,44037,510,7067,58030,267106
259,10/11/2020,908,178995,4739,927,50610,18097,144451,41493,45733,116487,404,8709,51274,44374,513,7067,58245,268464
260,10/12/2020,909,179765,4739,935,51567,18577,144789,41979,46464,117249,404,8730,51810,44668,515,7067,58448,269515
261,10/13/2020,909,180437,4739,941,51779,18839,145136,42461,47217,117876,404,8733,52434,44668,516,7067,59051,270827
262,10/14/2020,909,181123,4739,950,51977,18989,145477,42941,47870,118202,405,8757,52985,44668,522,7067,59699,273379
263,10/15/2020,909,181402,4739,961,52383,19434,145810,43417,48569,118598,405,8812,53539,45069,523,7296,60113,276209
264,10/16/2020,909,181835,4739,975,53158,20002,146111,43896,49261,119495,421,8833,54080,45511,526,7354,60617,279178
265,10/17/2020,909,182799,4739,992,53468,20460,146444,44327,49823,120311,421,8850,54559,45784,526,7514,61014,281790
266,10/18/2020,909,183735,4739,1007,53791,21064,146756,44802,50453,121172,421,8875,55107,46038,526,7514,61245,284180
267,10/19/2020,909,184827,4739,1019,54418,21567,147092,45255,51306,121837,421,8911,55692,46252,529,7514,61434,285583
268,10/20/2020,909,185650,4739,1035,54630,21900,147343,45738,52028,122026,421,8947,56271,46252,536,7514,62033,287142
269,10/21/2020,909,186356,4739,1053,54804,22106,147622,46207,52850,122426,429,8957,56798,46252,540,7514,62566,289725
270,10/22/2020,909,186764,4739,1070,55170,22634,147901,46689,53677,122855,433,9021,57235,46646,545,7802,63082,292906
271,10/23/2020,909,187291,4739,1096,56001,23544,148153,47095,54363,123845,436,9048,57730,46646,549,7893,63506,295892
272,10/24/2020,909,188259,4739,1114,56294,24273,148439,47486,54904,124897,436,9055,58203,47019,552,7993,64026,299273
273,10/25/2020,909,189220,4739,1134,56584,25027,148738,47874,55576,125807,436,9062,58706,47344,556,7993,64170,301806
274,10/26/2020,909,189982,4739,1153,57211,25754,148994,48246,56361,126507,436,9067,59137,47624,564,7993,64402,303465
275,10/27/2020,909,190488,4739,1174,57404,26171,149218,48628,57045,126851,436,9109,59628,47624,572,7993,64908,305114
276,10/28/2020,909,190795,4739,1204,57554,26400,149435,48990,58038,127213,449,9124,60067,47624,578,7993,65520,308101
277,10/29/2020,909,191139,4739,1226,57925,27110,149649,49348,58852,127757,452,9162,60523,48013,580,8279,66052,311834
278,10/30/2020,909,191570,4739,1256,58712,28096,149850,49695,59514,128822,465,9230,60963,48401,587,8279,66541,315284
279,10/31/2020,909,192681,4739,1298,59001,28909,150114,50016,60078,129987,467,9244,61389,48596,600,8279,67075,318226
280,11/1/2020,909,193875,4739,1322,59259,29330,150336,50310,60606,131031,472,9248,61908,48777,612,8279,67401,320980
281,11/2/2020,909,194949,4739,1345,59869,29580,150570,50594,61240,132069,472,9253,62463,48926,634,8279,67616,322749
282,11/3/2020,909,195411,4739,1374,60056,29946,150570,50917,61739,133204,472,9257,63016,48926,645,8279,68307,324546
283,11/4/2020,909,195725,4740,1389,60186,30297,150999,51212,62626,133706,478,9263,63558,48926,659,8279,69051,327844
284,11/5/2020,909,196018,4741,1420,60537,31145,151160,51496,63387,134368,482,9321,64134,49260,674,8727,69625,331223
285,11/6/2020,909,196561,4741,1450,61339,32263,151327,51727,64036,135682,509,9347,64601,49520,698,8727,70195,334145
286,11/7/2020,909,197732,4741,1487,61614,33281,151529,51949,64520,136917,511,9356,65059,49698,722,8727,70405,335650
287,11/8/2020,909,198974,4741,1517,61904,33791,151727,52196,65011,137916,517,9364,65632,49824,739,8727,70752,337563
288,11/9/2020,909,200498,4741,1542,62063,34150,151918,52447,65857,139022,517,9398,66214,49824,756,8727,71109,339001
289,11/10/2020,909,201460,4742,1570,62209,34480,152093,52670,66537,140241,517,9405,66810,49824,773,8727,71567,340878
290,11/11/2020,909,202631,4742,1597,62382,34791,152274,52883,67220,140704,521,9416,67376,49824,793,8965,72548,344494
291,11/12/2020,909,203100,4742,1623,62745,35748,152419,53095,67894,141248,525,9554,67919,50122,808,8965,73512,348427
292,11/13/2020,909,203580,4742,1660,63713,36757,152556,53273,68447,142832,543,9699,68397,50442,819,9262,74125,351754
293,11/14/2020,909,204690,4742,1660,64016,37835,152718,53448,68799,144371,544,9739,68841,50689,859,9433,74570,353948
294,11/15/2020,909,205964,4742,1720,64267,38987,152869,53625,69214,146174,544,9876,69391,50837,879,9433,75024,356547
295,11/16/2020,909,207095,4742,1747,64399,40022,153032,53816,69842,147614,544,9884,69971,50837,900,9433,75431,357984
296,11/17/2020,909,208246,4742,1775,64555,40597,153184,54003,70395,149084,544,9895,70533,50837,917,9433,76305,359964
297,11/18/2020,909,209296,4742,1805,64671,40936,153339,54156,70900,149614,548,9909,71054,50837,942,9433,77346,363568
298,11/19/2020,909,209847,4742,1837,65049,41799,153470,54308,71359,150273,550,9978,71556,51078,962,9834,78508,367492
299,11/20/2020,909,210299,4742,1872,65915,42889,153587,54440,71620,152016,556,10042,72029,51430,981,10185,79833,371520
300,11/21/2020,909,211491,4742,1909,66197,44096,153724,54574,71925,153639,557,10116,72456,51430,1007,10323,80868,375709
301,11/22/2020,909,212831,4742,1941,66472,45207,153847,54693,72370,155145,564,10136,72982,51675,1027,10323,81431,378965
302,11/23/2020,909,214147,4742,1969,67062,45705,154010,54814,73029,156579,564,10190,73497,51874,1046,10323,81960,381069
303,11/24/2020,909,215243,4742,1983,67229,46464,154147,54946,73604,158074,564,10242,74005,51874,1081,10323,83203,382905
304,11/25/2020,909,216445,4742,2010,67380,46901,154274,55095,74159,158536,567,10292,74520,51874,1100,10323,84767,387294
305,11/26/2020,909,217037,4742,2030,67690,47263,154392,55223,74621,159100,568,10386,75010,52275,1125,10797,86015,391312
306,11/27/2020,909,217664,4742,2050,68431,48997,154486,55337,74985,159533,574,10481,75430,52683,1140,10921,87295,395104
307,11/28/2020,909,218878,4743,2071,68660,50010,154596,55438,75332,161240,582,10552,75828,52878,1165,11005,88590,398916
308,11/29/2020,909,220161,4743,2084,68942,50876,154703,55540,75680,161240,582,10600,76347,53079,1185,11005,89261,402493
309,11/30/2020,909,221547,4743,2106,69576,51713,154823,55650,76329,164290,582,10669,76873,53314,1195,11005,89860,404484
310,12/1/2020,909,222666,4743,2125,69766,51873,154918,55748,76877,165786,582,10749,77415,53314,1217,11005,91470,406049
311,12/2/2020,909,223945,4744,2145,69906,52296,154996,55830,77291,166200,582,10807,77911,53314,1236,11247,93290,408450
312,12/3/2020,909,224504,4745,2160,70309,53127,155080,55933,77911,166731,583,10874,78403,53769,1249,11425,94580,412892
313,12/4/2020,909,225099,4746,2170,70963,53619,155158,56018,78394,168432,592,10942,78825,54173,1264,11520,95981,417029
314,12/5/2020,909,226309,4746,2184,71273,54498,155252,56100,78755,169760,592,10997,79210,54637,1283,11591,97329,420806
315,12/6/2020,909,227563,4746,2201,71619,55883,155360,56171,79203,171234,592,11058,79659,55041,1300,11591,97939,424362
316,12/7/2020,909,228795,4746,2215,72268,56286,155447,56262,79819,172557,592,11110,80118,55441,1316,11591,98531,426220
317,12/8/2020,909,230034,4746,2216,72497,57105,155550,56360,80326,173771,592,11179,80587,55441,1328,11591,100162,427990
318,12/9/2020,909,230034,4748,2216,72668,57163,155642,56457,80848,174207,593,11231,81048,55441,1337,11815,101887,431972
319,12/10/2020,909,231534,4748,2244,73113,58059,155732,56538,81325,174657,593,11296,81517,56208,1349,11939,103126,436100
320,12/11/2020,909,231534,4748,2255,73725,58992,155813,56621,81800,175986,607,11401,81926,56794,1360,12028,104371,439950
321,12/12/2020,909,233520,4749,2269,74075,59776,155913,56717,82177,177061,607,11469,82255,57291,1371,12115,105571,443549
322,12/13/2020,909,234850,4751,2280,74418,60634,156014,56803,82554,178108,607,11495,82666,57806,1378,12115,106158,446450
323,12/14/2020,909,236201,4754,2284,75238,61324,156111,56886,83157,178965,607,11507,83044,58319,1386,12115,106564,448407
324,12/15/2020,909,237489,4757,2292,75478,61551,156212,56973,83681,179797,607,11515,83481,58319,1399,12115,108013,450184
325,12/16/2020,909,238532,4757,2301,75673,61708,156302,57057,84202,180107,608,11517,83900,58319,1414,12188,109335,453717
326,12/17/2020,909,239245,4759,2308,76128,62191,156385,57150,84674,180536,608,11524,84330,59081,1420,12326,110250,457634
327,12/18/2020,909,239773,4763,2316,76852,63006,156463,57225,85162,181809,620,11577,84700,59805,1425,12370,111264,461518
328,12/19/2020,909,240940,4763,2319,77209,63672,156567,57294,85461,182815,620,11673,85025,60370,1435,12428,112092,465192
329,12/20/2020,909,242090,4764,2327,77205,64224,156705,57383,85881,183692,622,11829,85458,60802,1441,12428,112465,467929
330,12/21/2020,909,243457,4765,2333,78211,64771,156825,57481,86422,184474,622,12068,85901,61386,1448,12428,112798,469406
331,12/22/2020,909,244737,4766,2338,78401,64990,156938,57560,86889,185257,622,12088,86368,61386,1459,12428,113850,470857
332,12/23/2020,909,245977,4767,2343,78572,65107,157051,57651,87381,185715,623,12094,86821,61386,1464,12487,114851,473922
333,12/24/2020,909,246504,4769,2343,79030,65288,157157,57736,87858,186152,623,12107,87253,62295,1471,12569,115529,477329
334,12/25/2020,909,247143,4770,2345,79752,65829,157248,57807,88279,187187,632,12129,87614,63061,1474,12598,116287,480520
335,12/26/2020,909,248529,4770,2351,80045,66732,157346,57889,88516,188044,632,12201,87985,63704,1482,12649,116908,483404
336,12/27/2020,909,249957,4771,2353,80404,67245,157435,57959,88845,188866,632,12247,88315,64217,1486,12649,117166,485700
337,12/28/2020,909,251498,4775,2358,81046,67741,157548,58038,89344,189578,632,12289,88773,64747,1496,12649,117396,486898
338,12/29/2020,909,252835,4777,2361,81244,67883,157656,58110,89820,190357,632,12318,89224,64747,1507,12649,118195,487847
339,12/30/2020,909,254221,4781,2365,81405,67946,157756,58189,90241,190604,632,12322,89701,64747,1514,12713,118933,489491
340,12/31/2020,909,254942,4782,2367,81817,68363,157853,58256,90618,190923,632,12369,90169,65449,1522,12793,119387,491937
341,1/1/2021,909,255720,4782,2370,82399,68785,157930,58336,91003,191789,632,12389,90558,65979,1527,12798,119920,494544
342,1/2/2021,909,257361,4784,2374,82705,69170,158063,58412,91273,192491,639,12404,90958,66316,1534,12826,120365,497079
343,1/3/2021,909,259271,4784,2377,82975,69343,158189,58469,91580,193152,639,12423,91395,66704,1538,12826,120580,499012
344,1/4/2021,909,260970,4787,2377,83542,69939,158306,58536,92002,193851,639,12465,91815,67101,1544,12826,120757,500239
345,1/5/2021,909,262770,4787,2379,83693,70092,158446,58625,92338,194490,639,12516,92266,67101,1550,12826,121305,501440
346,1/6/2021,909,264325,4788,2381,83852,70152,158607,58686,92729,194710,640,12521,92704,67101,1553,12882,121747,503716
347,1/7/2021,909,265411,4788,2381,84185,70514,158725,58751,93045,194944,641,12528,93090,67636,1557,12964,122070,506980
348,1/8/2021,909,266398,4789,2382,84610,70926,158856,58809,93356,195119,648,12545,93457,68079,1562,12977,122415,509410
349,1/9/2021,909,266398,4791,2384,84884,71285,159044,58883,93577,195908,648,12608,93812,68468,1573,13003,122705,511565
350,1/10/2021,909,266398,4792,2387,85141,71554,159216,58945,93835,196606,648,12694,94231,68813,1576,13003,122849,513086
351,1/11/2021,909,272889,4793,2390,85676,71852,159370,59028,94171,197219,648,12766,94624,69142,1581,13003,122953,514193
352,1/12/2021,909,275105,4794,2391,85858,71951,159558,59117,94540,197827,648,12829,95010,69142,1585,13003,123296,515512
353,1/13/2021,909,277102,4796,2393,85980,71984,159755,59184,94887,198036,649,12837,95410,69142,1595,13042,123783,517445
354,1/14/2021,909,278229,4796,2395,86347,72236,159967,59264,95235,198239,649,12848,95792,69609,1603,13088,124025,520026
355,1/15/2021,909,279286,4796,2396,86764,72534,160166,59341,95486,199048,656,12866,96123,69801,1605,13111,124261,521978
356,1/16/2021,909,282127,4797,2397,87079,72858,160441,59409,95718,199627,656,12887,96413,70247,1606,13146,124419,523701
357,1/17/2021,909,284775,4797,2397,87372,73120,160692,59483,95992,200211,656,12900,96817,70501,1612,13146,124501,525232
358,1/18/2021,909,287499,4798,2399,87796,73348,160949,59572,96348,200862,656,12930,97219,71138,1619,13146,124566,525943
359,1/19/2021,909,290314,4800,2400,87958,73369,161240,59663,96666,201429,656,12968,97594,71138,1627,13146,124797,526648
360,1/20/2021,909,292752,4801,2402,88088,73463,161552,59736,96974,201623,660,12972,97986,71138,1632,13172,124987,528432
361,1/21/2021,909,294042,4803,2403,88444,73701,161843,59830,97227,201832,661,12992,98363,71436,1634,13228,125168,530004
362,1/22/2021,909,295425,4803,2404,88811,73953,162114,59899,97507,202633,673,13039,98713,71727,1642,13236,125343,531578
363,1/23/2021,909,298676,4803,2409,89142,74177,162468,59980,97699,203210,673,13095,99049,71961,1645,13262,125464,533009
364,1/24/2021,909,300685,4804,2411,89395,74402,162927,60073,97945,203664,673,13149,99431,72085,1648,13262,125516,534006
365,1/25/2021,909,303462,4807,2413,89618,74609,163396,60181,98288,203854,673,13159,99800,72258,1652,13262,125580,534538
366,1/26/2021,910,307112,4809,2414,89787,74707,164110,60267,98635,204011,673,13170,100158,72258,1662,13262,125690,535238
367,1/27/2021,910,310550,4811,2415,89927,74756,164623,60353,98974,204147,676,13186,100554,72258,1667,13315,125831,536499
368,1/28/2021,910,312206,4813,2417,90252,75009,165101,60431,99271,204399,677,13191,100949,72424,1669,13357,125926,537716
369,1/29/2021,910,313866,4814,2419,90660,75255,165547,60512,99578,204985,683,13297,101282,72565,1675,13373,126026,539364
370,1/30/2021,910,317646,4815,2423,90885,75484,166177,60594,99785,205598,684,13303,101552,72793,1678,13402,126122,540410
371,1/31/2021,910,321515,4817,2424,91148,75669,166862,60687,100103,206146,684,13320,101882,72910,1686,13402,126155,541183
372,2/1/2021,910,325284,4818,2428,91433,75828,167642,60786,100479,207020,684,13423,102275,72910,1688,13402,126172,541973
373,2/2/2021,910,328206,4820,2429,91600,75915,168436,60867,100811,209212,684,13425,102667,72910,1690,13402,126284,542506
374,2/3/2021,910,330193,4821,2430,91737,75959,169275,60928,101184,209338,687,13435,103059,72910,1693,13430,126382,543451
375,2/4/2021,910,331433,4822,2432,92080,76139,170179,61016,101564,209702,688,13817,103451,73543,1696,13465,126445,544986
376,2/5/2021,910,332752,4822,2435,92367,76389,171058,61069,101881,210282,706,14059,103834,73744,1697,13498,126515,546344
377,2/6/2021,910,336947,4822,2436,92594,76589,172085,61142,102145,210812,707,14119,104173,73744,1704,13498,126573,547512
378,2/7/2021,910,340776,4822,2436,92819,76823,173123,61230,102499,211213,708,14520,104545,74420,1707,13498,126592,548326
379,2/8/2021,910,345025,4822,2439,93714,76940,174308,61330,103001,211693,708,14744,104937,75010,1709,13498,126615,548776
380,2/9/2021,910,348718,4824,2441,93904,77010,175649,61427,103432,212228,708,14945,105328,75010,1716,13498,126670,549430
381,2/10/2021,910,351334,4825,2443,94028,77060,177150,61492,103855,212339,709,15149,105718,75010,1721,13533,126713,550355
382,2/11/2021,910,353137,4827,2446,94388,77136,178769,61581,104241,212466,709,15286,106108,75199,1722,13578,126764,551456
383,2/12/2021,910,354617,4828,2447,94769,77245,180530,61649,104642,213048,734,15447,106434,75305,1726,13595,126816,552579
384,2/13/2021,910,358425,4829,2449,95052,77755,182553,61724,104942,213597,735,15594,106783,75459,1729,13621,126826,553480
385,2/14/2021,910,361884,4829,2452,95356,78049,184657,61797,105328,214095,736,15738,107167,75541,1731,13621,126836,554251
386,2/15/2021,910,365444,4829,2452,95683,78295,186920,61877,105879,214504,736,15810,107547,75541,1735,13621,126862,554540
387,2/16/2021,910,368749,4831,2455,95861,78402,189544,61951,106339,214853,736,15960,107902,75698,1737,13621,126882,555011
388,2/17/2021,910,371678,4833,2459,96046,78500,192311,62045,106799,214947,736,16048,108290,75698,1740,13660,126927,555875
389,2/18/2021,910,373335,4833,2463,96243,78796,195123,62142,107256,215113,736,16141,108675,75783,1744,13720,126980,558469
390,2/19/2021,910,374682,4833,2465,96672,79137,197894,62223,107636,215547,753,16265,109011,75911,1748,13761,127040,559512
391,2/20/2021,910,378003,4833,2467,97080,79427,201187,62308,107933,215918,754,16370,109341,76037,1752,13788,127080,560422
392,2/21/2021,910,381475,4833,2472,97422,79672,204832,62397,108350,216447,756,16529,109670,76179,1756,13788,127087,561146
393,2/22/2021,910,383502,4833,2474,97746,79894,208330,62478,108879,216907,756,16674,110022,76328,1758,13788,127100,561431
394,2/23/2021,910,386416,4833,2475,97942,79971,211853,62569,109346,217168,756,16783,110366,76328,1764,13788,127123,561883
395,2/24/2021,910,389492,4834,2477,98118,80052,215542,62665,109847,217233,757,16853,110735,76328,1765,13825,127161,562760
396,2/25/2021,910,390797,4834,2479,98503,80353,218959,62759,110328,217345,757,16916,111097,76525,1768,13863,127191,563696
397,2/26/2021,910,391936,4834,2481,98836,80680,222408,62876,110704,217740,767,17031,111425,76625,1770,13882,127225,564601
398,2/27/2021,910,395022,4834,2483,99133,80938,226188,62999,111030,218007,767,17145,111740,76756,1775,13923,127260,565462
399,2/28/2021,910,398185,4835,2483,99427,81203,230168,63160,111326,218173,767,17234,112063,76882,1782,13923,127270,566170
400,3/1/2021,910,401186,4836,2489,99758,81492,234083,63332,111747,218657,767,17354,112410,76981,1788,13923,127274,566499
401,3/2/2021,910,403781,4836,2490,99947,81610,238270,63506,112374,218928,767,17431,112795,76981,1790,13923,127307,567003
402,3/3/2021,910,406437,4836,2490,100075,81671,242347,63699,112861,218985,767,17525,113182,76981,1794,13968,127327,567850
403,3/4/2021,910,407639,4837,2491,100522,82009,246116,63884,113579,219089,767,17622,113541,77102,1797,14000,127345,568739
404,3/5/2021,910,408622,4837,2491,100909,82325,249992,64039,113923,219323,774,17800,113927,77102,1801,14002,127385,569684
405,3/6/2021,910,411588,4838,2493,101215,82588,254197,64232,114254,219590,774,17991,114263,77364,1802,14048,127417,570446
406,3/7/2021,910,414399,4838,2495,101498,82865,258317,64490,114612,219901,774,18099,114619,77496,1806,14048,127428,571210
407,3/8/2021,910,416949,4838,2497,101830,83097,262317,64764,115088,220159,774,18269,115003,77591,1808,14048,127434,571504
408,3/9/2021,910,419114,4838,2497,102046,83207,266207,65055,115557,220384,774,18472,115393,77591,1811,14048,127451,571977
409,3/10/2021,910,421316,4839,2497,102190,83292,270284,65359,115937,220437,774,18562,115764,77591,1812,14091,127480,572653
410,3/11/2021,910,422340,4839,2499,102567,83605,274390,65680,116366,220493,774,18620,116144,77738,1813,14151,127502,573647
411,3/12/2021,910,423229,4839,2499,102907,83890,278719,66008,116676,220746,781,18714,116497,77855,1817,14158,127517,574540
412,3/13/2021,910,425540,4839,2499,103219,84141,283248,66327,116927,220850,781,18821,116812,77943,1820,14173,127524,575348
413,3/14/2021,910,428034,4839,2499,103525,84425,287122,66732,117243,221080,781,18958,117197,78080,1821,14173,127538,576093
414,3/15/2021,910,430417,4839,2502,103815,84659,291331,67130,117633,221256,781,19051,117595,78216,1825,14173,127539,576414
415,3/16/2021,910,432628,4839,2502,104007,84789,295525,67525,117997,221597,781,19191,117990,78216,1828,14173,127543,576887
416,3/17/2021,910,434715,4839,2503,104093,84844,299266,67913,118357,221647,782,19262,118386,78216,1831,14217,127570,577799
417,3/18/2021,910,435751,4839,2503,104404,85118,303720,68366,118699,221695,782,19372,118781,78293,1833,14267,127583,578612
418,3/19/2021,910,436537,4839,2505,104658,85385,307231,68746,119021,221960,783,19507,119130,78399,1834,14267,127598,579439
419,3/20/2021,910,439050,4839,2506,104900,85451,311388,69120,119238,222232,783,19641,119464,78566,1840,14275,127603,580263
420,3/21/2021,910,441691,4839,2506,105119,85853,315235,69574,119539,222661,783,19763,119830,78726,1847,14275,127605,580898
421,3/22/2021,910,444094,4839,2507,105370,86030,318895,70070,119912,223072,783,19946,120217,78792,1851,14275,127609,581137
422,3/23/2021,910,446309,4840,2508,105530,86100,322512,70532,120256,223455,783,19951,120604,78792,1860,14275,127629,581536
423,3/24/2021,910,448208,4840,2509,105645,86166,325972,70966,120544,223507,783,19983,120974,78792,1865,14301,127640,582236
424,3/25/2021,910,449068,4840,2510,105937,86386,329100,71351,120807,223568,783,20019,121365,78895,1874,14349,127651,583034
425,3/26/2021,910,449858,4841,2511,106186,86671,331895,71758,121033,227840,785,20169,121711,79100,1875,14351,127668,583824
426,3/27/2021,910,452031,4841,2511,106350,86908,335102,72090,121177,228146,785,20379,122037,79208,1879,14366,127675,584456
427,3/28/2021,910,454429,4841,2512,106481,87135,337989,72484,121433,228362,785,20566,122409,79281,1884,14366,127679,584985
428,3/29/2021,910,456674,4841,2516,106652,87303,340702,72875,121738,228568,785,20722,122802,79339,1891,14366,127684,585249
429,3/30/2021,910,459045,4841,2516,106764,87385,344082,73219,122005,228758,785,20860,123178,79339,1893,14366,127691,585643
430,3/31/2021,910,461057,4841,2516,106845,87429,346759,73568,122263,228804,784,20966,123568,79339,1896,14396,127694,586423
431,4/1/2021,910,461931,4841,2516,107041,87461,349186,73906,122470,228838,784,21012,123961,79432,1900,14436,127701,587107
432,4/2/2021,910,462791,4841,2516,107256,87733,351309,74241,122694,229100,789,21158,124314,79502,1903,14451,127710,587791
433,4/3/2021,910,465199,4841,2517,107390,88000,353528,74524,122833,229353,789,21357,124681,79568,1904,14451,127716,588426
434,4/4/2021,910,467706,4841,2517,107522,88192,355705,74910,123031,229580,789,21537,125055,79601,1912,14451,127721,588910
435,4/5/2021,910,469388,4841,2518,107645,88360,363079,75261,123282,229823,789,21732,125443,79620,1916,14451,127724,589100
436,4/6/2021,910,470842,4841,2518,107732,88413,367081,75568,123544,230097,789,21898,125853,79620,1922,14451,127739,589538
437,4/7/2021,910,472531,4841,2520,107789,88431,370384,75934,123745,230150,789,21969,126300,79620,1926,14451,127748,590185
438,4/8/2021,910,473404,4841,2520,107851,88601,374305,76231,123927,230187,789,22064,126761,79711,1931,14451,127758,591162
439,4/9/2021,910,474414,4843,2520,108071,88781,377031,76433,124063,230428,790,22190,127206,79801,1934,14512,127768,592517
440,4/10/2021,910,476792,4843,2522,108201,88945,379573,76633,124156,230624,790,22312,127641,79855,1938,14523,127775,593057
441,4/11/2021,910,479515,4843,2523,108343,89031,381903,76936,124296,230792,790,22507,128180,79888,1940,14523,127781,593407
442,4/12/2021,910,482019,4843,2525,108466,89152,383490,77222,124497,230959,790,22652,128719,79905,1943,14523,127782,593536
443,4/13/2021,910,484235,4844,2525,108534,89228,385137,77532,124646,230959,790,22788,129278,79905,1946,14523,127782,593694
444,4/14/2021,910,486272,4845,2526,108576,89249,386708,77765,124810,231187,790,22845,129869,79905,1951,14546,127794,594357
445,4/15/2021,910,487401,4845,2527,108700,89390,388135,77994,125028,231244,790,22963,130479,79953,1957,14562,127812,594921
446,4/16/2021,910,488228,4845,2527,108834,89497,389302,78194,125153,231505,792,23121,131070,79983,1959,14565,127823,595560
447,4/17/2021,910,490696,4845,2528,108913,89592,390660,78381,125225,231847,792,23276,131671,80049,1963,14574,127836,596087
448,4/18/2021,910,493693,4845,2528,108982,89693,391981,78597,125335,232068,792,23385,132314,80049,1965,14574,127840,596668
449,4/19/2021,910,496004,4845,2530,109069,89821,393310,78848,125501,232346,792,23538,132973,80195,1968,14574,127841,596825
450,4/20/2021,910,498499,4845,2530,109126,89841,394493,79056,125622,232521,792,23621,133633,80196,1969,14574,127854,597138
451,4/21/2021,910,500800,4845,2531,109144,89849,395751,79219,125793,232564,792,23749,134302,80196,1971,14574,127860,597469
452,4/22/2021,910,501825,4845,2531,109208,89944,396730,79384,125919,232608,792,23809,134987,80236,1973,14574,127867,597949
453,4/23/2021,910,502586,4845,2531,109278,90079,397637,79568,126002,232803,794,23928,135637,80309,1974,14574,127884,598367
454,4/24/2021,910,504717,4845,2531,109331,90185,398454,79741,126046,233047,794,24036,136279,80332,1975,14574,127896,598906
455,4/25/2021,911,507109,4845,2531,109398,90277,399459,79939,126128,233248,794,24152,137005,80465,1977,14574,127904,599182
456,4/26/2021,911,509141,4845,2531,109472,90374,400312,80156,126221,233428,794,24244,137718,80501,1979,14574,127907,599286
457,4/27/2021,912,511142,4845,2532,109503,90390,401050,80327,126283,233580,794,24372,138441,80501,1981,14574,127917,599466
458,4/28/2021,912,512735,4845,2533,109509,90400,402005,80488,126342,233622,794,24456,139156,80501,1982,14608,127926,599800
459,4/29/2021,912,513474,4845,2534,109572,90477,402728,80658,126415,233689,794,24557,139896,80517,1985,14616,127945,600183
460,4/30/2021,912,514092,4845,2534,109649,90553,403281,80813,126472,233958,796,24662,140635,80579,1988,14619,127956,600500
461,5/1/2021,913,515985,4846,2535,109685,90620,404211,80941,126523,234192,796,24797,141335,80615,1992,14619,127970,601114
462,5/2/2021,914,518066,4846,2536,109741,90685,405028,81063,126588,234458,796,24973,142102,80634,1993,14619,127976,601289
463,5/3/2021,914,520095,4846,2537,109808,90752,405939,81183,126690,234675,796,25063,142877,80652,1994,14619,127981,601359
464,5/4/2021,915,521952,4846,2537,109830,90761,407145,81362,126767,234907,796,25149,143657,80652,1996,14619,128008,601624
465,5/5/2021,915,523587,4846,2537,109844,90768,408040,81519,126855,234969,796,25192,144446,80652,1997,14626,128027,601975
466,5/6/2021,915,524417,4846,2538,109878,90826,408764,81672,126924,235058,796,25296,145222,80689,2002,14629,128048,602374
467,5/7/2021,916,525112,4846,2538,109928,90883,410784,81796,126976,235277,796,25459,145975,80719,2004,14630,128066,602714
468,5/8/2021,916,526892,4846,2538,109955,90945,411406,81911,127002,235507,796,25650,146686,80748,2006,14631,128089,603237
469,5/9/2021,918,528540,4846,2538,109999,91014,411989,82098,127038,235740,796,25720,147457,80766,2007,14631,128100,603394
470,5/10/2021,918,530179,4846,2539,110032,91032,412531,82217,127101,236015,796,25816,148229,80779,2008,14631,128103,603464
471,5/11/2021,922,531688,4846,2539,110044,91040,413091,82351,127153,236240,796,25921,149012,80779,2009,14631,128126,603616
472,5/12/2021,921,532893,4846,2539,110061,91039,413609,82480,127190,236331,796,26015,149796,80779,2012,14633,128140,603953
473,5/13/2021,923,533488,4846,2539,110105,91068,414108,82619,127225,236469,796,26092,150583,80789,2013,14639,128162,604248
474,5/14/2021,923,534233,4846,2539,110138,91118,414482,82746,127253,236810,799,26232,151352,80829,2015,14642,128189,604534
475,5/15/2021,924,535838,4846,2540,110161,91148,418480,82854,127270,237207,799,26314,152069,80875,2017,14643,128207,604969
476,5/16/2021,924,537394,4846,2541,110190,91197,418987,82965,127291,237626,799,26476,152836,80883,2018,14643,128222,605051
477,5/17/2021,925,538942,4846,2542,110213,91232,419470,83101,127322,237626,799,26598,153620,80911,2021,14643,128231,605089
478,5/18/2021,925,540398,4846,2542,110230,91239,419470,83217,127352,238316,799,26714,154404,80911,2024,14643,128268,605211
479,5/19/2021,927,541266,4846,2542,110239,91241,420551,83329,127362,238424,799,26786,155180,80911,2025,14645,128301,605524
480,5/20/2021,932,542214,4846,2542,110270,91268,420967,83473,127418,238595,799,26844,155952,80934,2026,14642,128336,605845
481,5/21/2021,933,542756,4846,2542,110297,91295,421382,83588,127458,239079,799,26874,156726,80952,2028,14643,128365,606093
482,5/22/2021,939,544180,4846,2542,110319,91326,422022,83711,127472,239616,799,26891,157496,80969,2032,14646,128399,606555
483,5/23/2021,938,545604,4846,2542,110344,91346,422662,83845,127500,239997,799,26891,158263,80997,2033,14646,128425,606638
484,5/24/2021,939,547016,4846,2542,110360,91367,423217,83985,127542,240456,799,27131,159032,81003,2034,14646,128431,606747
485,5/25/2021,943,548340,4846,2542,110379,91369,423810,84127,127566,240906,799,27224,159803,81003,2036,14646,128481,606986
486,5/26/2021,945,549448,4846,2543,110383,91370,424351,84264,127587,241034,799,27247,160574,81003,2038,14650,128530,607345
487,5/27/2021,947,549924,4846,2546,110406,91404,424773,84389,127615,241279,799,27318,161343,81020,2043,14651,128593,607677
488,5/28/2021,949,550502,4846,2547,110456,91423,425195,84516,127637,241936,804,27401,162109,81033,2044,14651,128642,608003
489,5/29/2021,953,551835,4846,2548,110450,91466,425757,84627,127649,242547,804,27577,162860,81043,2046,14651,128683,608361
490,5/30/2021,958,553179,4846,2548,110464,91505,426290,84792,127680,243165,804,27722,163629,81084,2048,14651,128708,608428
491,5/31/2021,966,554497,4846,2549,110486,91514,426754,84949,127704,243733,804,27889,164413,81096,2050,14651,128727,608601
492,6/1/2021,967,555460,4846,2549,110502,91531,427371,85095,127718,244248,804,28016,165201,81096,2051,14651,128823,608801
493,6/2/2021,970,556370,4846,2550,110507,91534,427862,85261,127731,244420,804,28093,165996,81096,2055,14655,128896,609093
494,6/3/2021,972,556834,4846,2550,110519,91573,428309,85397,127756,244690,805,28141,166795,81119,2057,14655,128980,609445
495,6/4/2021,976,557223,4846,2550,110548,91592,428682,85543,127768,245476,807,28231,167595,81148,2058,14656,129044,609739
496,6/5/2021,978,558432,4846,2552,110558,91709,429179,85694,127775,246203,807,28427,168384,81166,2059,14655,129130,610299
497,6/6/2021,981,559607,4846,2552,110569,91622,429669,85859,127788,246811,808,28673,169169,81194,2060,14655,129158,610418
498,6/7/2021,984,560706,4846,2552,110605,91663,430254,86041,127808,247414,808,28835,169948,81221,2063,14655,129172,610503
499,6/8/2021,984,561762,4846,2552,110627,91666,430732,86207,127831,248167,808,29122,170716,81221,2066,14655,129303,610768
500,6/9/2021,986,562752,4846,2552,110633,91666,431225,86391,127840,248167,809,29128,171480,81221,2068,14657,129430,611217
501,6/10/2021,989,563151,4846,2554,110670,91685,431642,86592,127851,248652,810,29220,172257,81268,2073,14657,129515,611598
502,6/11/2021,991,563562,4846,2554,110695,91710,432079,86791,127864,249529,811,29374,173003,81323,2077,14657,129583,611925
503,6/12/2021,993,564773,4846,2555,110728,91736,432519,86966,127867,250469,811,29539,173768,81396,2079,14657,129654,612798
504,6/13/2021,999,565748,4846,2558,110751,91761,433049,87161,127874,251305,811,29838,174542,81442,2083,14657,129719,612951
505,6/14/2021,1003,566896,4846,2559,110813,91785,433589,87374,127884,252080,811,30070,175328,81486,2085,14657,129743,613164
506,6/15/2021,1006,567862,4846,2560,110856,91789,433964,87624,127905,252927,811,30340,176127,81486,2089,14657,129881,613525
507,6/16/2021,1012,568788,4846,2560,110874,91791,434367,87837,127920,253155,811,30366,176904,81486,2095,14658,130000,614109
508,6/17/2021,1019,569058,4846,2562,110897,91810,434756,88063,127937,253526,811,30462,177679,81643,2098,14658,130086,614642
509,6/18/2021,1032,569492,4846,2562,110941,91824,435110,88273,127942,254466,814,30623,178457,81773,2099,14658,130178,615146
510,6/19/2021,1036,570598,4846,2562,110972,91841,435758,88532,127949,255452,814,30881,179233,81844,2104,14658,130281,616300
511,6/20/2021,1039,571662,4846,2563,111024,91860,436365,88800,127971,256287,814,31198,180009,81931,2106,14658,130320,616548
512,6/21/2021,1044,572641,4846,2564,111077,91871,436861,89122,127995,257150,814,31596,180781,82006,2109,14658,130357,616662
513,6/22/2021,1052,573511,4846,2566,111109,91874,437370,89479,128010,257906,814,31810,181560,82006,2113,14658,130503,617168
514,6/23/2021,1060,574209,4846,2567,111137,91878,437830,89782,128029,258165,814,31961,182341,82006,2116,14659,130607,618033
515,6/24/2021,1066,574527,4846,2568,111198,91905,438210,90074,128047,258491,814,32264,183117,82125,2121,14662,130701,618812
516,6/25/2021,1076,574848,4847,2571,111247,91927,438560,90344,128063,259326,822,32492,183896,82227,2125,14664,130801,619824
517,6/26/2021,1084,575742,4846,2573,111289,91949,439020,90630,128068,260503,822,32728,184672,82320,2134,14668,130894,620880
518,6/27/2021,1091,576645,4846,2576,111365,91963,439529,90996,128088,261496,822,32841,185447,82407,2135,14668,130953,621134
519,6/28/2021,1098,577565,4846,2577,111454,91980,439895,91407,128115,262221,822,33008,186224,82470,2138,14668,130979,621310
520,6/29/2021,1102,578326,4847,2580,111507,91983,440225,91785,128136,262868,822,33109,186999,82470,2144,14668,131149,622363
521,6/30/2021,1116,579010,4847,2580,111551,91987,440533,92194,128163,263140,822,33330,187768,82470,2148,14670,131260,623390
522,7/1/2021,1128,579308,4847,2584,111576,92028,440752,92628,128187,263470,823,33448,188546,82595,2156,14674,131373,624565
523,7/2/2021,1141,579574,4847,2584,111659,92067,441042,93086,128209,264541,826,33533,189319,82739,2167,14682,131487,626346
524,7/3/2021,1148,580413,4847,2584,111761,92090,441411,93473,128220,265420,827,33680,190031,82883,2173,14685,131591,627825
525,7/4/2021,1162,581150,4847,2587,111890,92108,441749,94015,128242,266150,827,33873,190793,83004,2178,14685,131640,628361
526,7/5/2021,1167,581914,4848,2590,111941,92125,442009,94603,128273,266150,827,34062,191566,83136,2191,14685,131680,628531
527,7/6/2021,1178,582670,4848,2590,112070,92136,442317,95111,128304,267524,827,34234,192340,83136,2197,14685,131854,629916
528,7/7/2021,1186,583362,4848,2592,112185,92146,442655,95647,128334,267748,827,34337,193111,83136,2202,14692,132003,631338
529,7/8/2021,1196,583628,4848,2594,112247,92208,442874,96215,128379,267969,829,34498,193891,83337,2215,14692,132143,632828
530,7/9/2021,1208,583810,4848,2599,112362,92229,443213,96742,128413,269016,841,34672,194671,83527,2222,14692,132243,635048
531,7/10/2021,1220,584108,4848,2604,112430,92262,443497,97208,128432,269913,841,34733,195438,83690,2228,14692,132376,636770
532,7/11/2021,1231,584421,4848,2608,112551,92307,443928,97828,128456,270348,841,34899,196235,83861,2237,14692,132437,637390
533,7/12/2021,1245,585174,4848,2611,112650,92331,444248,98483,128510,270538,841,34978,197032,84000,2257,14692,132485,637660
534,7/13/2021,1256,585846,4848,2611,112604,92351,444529,99108,128579,270538,841,35145,197834,84000,2265,14692,132535,639424
535,7/14/2021,1279,586558,4848,2614,112657,92360,444838,99691,128634,271503,841,35307,198644,84000,2276,14699,132742,640867
536,7/15/2021,1291,586851,4848,2614,112694,92419,445133,100255,128683,271765,841,35529,199450,84146,2279,14700,132920,642901
537,7/16/2021,1311,587066,4848,2617,112824,92463,445385,100810,128728,272580,850,35742,200245,84340,2284,14702,133041,645854
538,7/17/2021,1321,587797,4848,2619,112905,92463,445768,101354,128751,273391,850,36018,201015,84472,2285,14703,133161,647822
539,7/18/2021,1334,588597,4848,2622,113014,92559,446050,102038,128795,274139,850,36328,201854,84640,2292,14703,133229,648428
540,7/19/2021,1346,589246,4848,2625,113042,92604,446368,102648,128855,274703,850,36583,202700,84795,2303,14703,133274,648807
541,7/20/2021,1357,589573,4848,2628,113125,92612,446658,103357,128914,274703,850,36788,203549,84795,2308,14703,133483,649397
542,7/21/2021,1379,590508,4848,2630,113174,92625,446918,104022,128957,275450,850,36934,204424,84795,2315,14729,133674,651531
543,7/22/2021,1389,590752,4848,2633,113291,92694,447194,104716,129002,275676,851,37074,205297,84928,2321,14740,133841,653809
544,7/23/2021,1405,590955,4851,2634,113385,92776,447373,105287,129056,276376,861,37228,206179,85066,2327,14753,133988,657093
545,7/24/2021,1421,591440,4848,2638,113385,92843,447751,105901,129093,276973,861,37405,207056,85147,2330,14775,134144,659523
546,7/25/2021,1432,592316,4848,2640,113475,92906,448062,106482,129146,277507,861,37405,207932,85218,2334,14775,134200,660297
547,7/26/2021,1448,592964,4848,2640,113569,92928,448339,107151,129221,277978,861,37405,208842,85290,2343,14775,134261,660610
548,7/27/2021,1461,593663,4848,2642,113615,92964,448573,107794,129290,278592,861,37405,209752,85290,2348,14775,134446,662804
549,7/28/2021,1478,594200,4848,2646,113644,92977,448817,108393,129352,278592,861,37405,210673,85290,2358,14790,134647,664731
550,7/29/2021,1496,594443,4848,2652,113711,93058,448997,108988,129410,279106,861,37596,211627,85393,2359,14809,134805,667497
551,7/30/2021,1507,594653,4848,2654,113805,93129,449260,109549,129466,279106,871,38164,212576,85548,2360,14813,134983,670956
552,7/31/2021,1515,595446,4848,2656,113805,93243,449538,110064,129515,279896,871,38294,213522,85638,2367,14821,135147,673401
553,8/1/2021,1532,596122,4848,2659,113836,93310,449856,110674,129567,281121,871,38493,214476,85739,2380,14821,135203,674316
554,8/2/2021,1543,596749,4848,2663,113923,93370,450127,111257,129638,281610,871,38656,215438,85783,2386,14821,135252,674639
555,8/3/2021,1558,597255,4848,2663,113965,93398,450375,111892,129707,281610,871,38768,216403,85783,2389,14821,135455,676995
556,8/4/2021,1577,597723,4848,2664,113993,93409,450589,112430,129766,282086,871,38828,217382,85783,2394,14850,135621,679347
557,8/5/2021,1590,597948,4848,2664,113993,93509,450782,112935,129828,282227,871,38828,218362,85901,2404,14856,135803,682192
558,8/6/2021,1611,598152,4848,2665,114097,93576,450963,113380,129885,282773,884,38828,219342,85983,2409,14864,135983,685459
559,8/7/2021,1622,598829,4848,2668,114148,93643,451189,113824,129919,283193,884,38828,220323,86085,2413,14868,136105,687943
560,8/8/2021,1637,599359,4848,2669,114209,93715,451435,114311,129955,283574,884,39232,221314,86185,2419,14868,136168,688695
561,8/9/2021,1648,599810,4848,2669,114262,93781,451814,114759,130027,284008,884,39505,222320,86229,2427,14868,136208,689211
562,8/10/2021,1653,600425,4848,2669,114262,93791,451980,115167,130100,284321,884,39624,223331,86229,2434,14868,136375,691583
563,8/11/2021,1669,600829,4848,2671,114276,93798,452124,115619,130167,284381,884,39660,224369,86229,2441,14876,136525,694141
564,8/12/2021,1696,601011,4848,2674,114347,93887,452290,116072,130233,284477,884,39896,225417,86298,2450,14889,136662,696753
565,8/13/2021,1708,601213,4848,2674,114394,93963,452454,116436,130284,284925,893,40069,226464,86358,2456,14904,136789,699548
566,8/14/2021,1722,601398,4848,2676,114430,94031,452651,116791,130310,285347,893,40221,227506,86397,2464,14905,136910,701683
567,8/15/2021,1735,601574,4848,2679,114491,94117,452811,117182,130354,285669,894,40424,228581,86415,2474,14905,136953,702418
568,8/16/2021,1743,602099,4848,2680,114538,94182,453042,117526,130421,285953,894,40580,229672,86463,2481,14905,136986,702895
569,8/17/2021,1756,602669,4848,2685,114568,94206,453708,117905,130488,286259,894,40675,230786,86463,2497,14905,137152,704927
570,8/18/2021,1768,603152,4848,2688,114577,94213,454269,118191,130551,286259,894,40761,231931,86463,2504,14920,137295,706832
571,8/19/2021,1781,603282,4848,2690,114620,94308,454712,118508,130603,286496,895,40972,233063,86527,2507,14922,137417,709460
572,8/20/2021,1795,603465,4848,2694,114660,94393,455068,118792,130653,286496,900,40977,234194,86621,2513,14926,137541,711937
573,8/21/2021,1805,603855,4848,2696,114679,94407,455653,119082,130697,286888,900,41237,235318,86678,2524,14956,137697,713768
574,8/22/2021,1815,604228,4848,2696,114712,94530,456386,119360,130742,287631,900,41520,236462,86701,2536,14956,137735,714134
575,8/23/2021,1827,604679,4848,2697,114750,94605,457191,119649,130807,287951,900,41585,237619,86778,2544,14956,137763,714578
576,8/24/2021,1841,605139,4848,2699,114765,94622,457740,119888,130870,288276,900,41793,238784,86778,2554,14956,137944,715754
577,8/25/2021,1858,605457,4848,2699,114773,94632,458186,120160,130921,288365,902,41942,239943,86778,2560,14963,138080,718102
578,8/26/2021,1862,605644,4848,2703,114808,94720,458437,120428,130973,288365,902,42077,241095,86827,2575,14985,138237,721325
579,8/27/2021,1873,605804,4848,2708,114860,94812,458880,120663,130998,288464,919,42348,242241,86827,2583,14986,138379,723461
580,8/28/2021,1877,606246,4848,2709,114860,94886,459191,120880,131031,288733,920,42348,243405,86869,2594,14993,138527,725276
581,8/29/2021,1882,606679,4848,2709,114887,94995,459652,121109,131068,288887,922,42621,244588,86917,2605,14993,138584,725743
582,8/30/2021,1888,607068,4848,2713,114921,95081,459873,121347,131118,289131,922,43044,245794,86974,2618,14993,138629,726163
583,8/31/2021,1898,607462,4848,2714,114936,95104,460265,121563,131157,289674,922,43172,247000,86974,2626,14993,138852,727969
584,9/1/2021,1907,607694,4848,2716,114941,95121,460791,121779,131198,289734,921,43276,248203,86974,2644,15002,139031,730092
585,9/2/2021,1922,607824,4848,2716,114987,95148,461057,122012,131228,289734,924,43404,249415,87030,2660,15016,139146,733276
586,9/3/2021,1933,607922,4848,2717,115001,95365,461389,122197,131274,290110,947,43586,250609,87051,2668,15018,139326,735245
587,9/4/2021,1938,608071,4848,2722,115024,95489,461849,122370,131301,290110,948,43825,251796,87082,2689,15025,139461,737123
588,9/5/2021,1944,608235,4848,2725,115061,95522,462189,122592,131335,290630,950,44085,253009,87102,2698,15025,139533,737619
589,9/6/2021,1948,608671,4848,2735,115084,95701,462690,122868,131384,290630,950,44239,254229,87132,2709,15025,139571,737821
590,9/7/2021,null,609060,4848,2738,115107,95734,463245,123081,131421,290872,950,44430,255448,87132,2725,15025,139834,739276
591,9/8/2021,null,609388,4848,2740,115111,95735,463530,123275,131461,291089,951,44521,256669,87132,2745,15040,140041,740872
592,9/9/2021,null,609447,4848,2742,115154,95838,463655,123498,131503,291147,952,44567,257891,87186,2766,15043,140206,742927
593,9/10/2021,null,609573,4848,2745,115182,96031,463852,123695,131517,291204,995,44567,259107,87238,2773,15050,140392,744736
594,9/11/2021,null,609756,4848,2749,115215,96196,464153,123876,131541,291573,996,44866,null,87289,2788,15057,140558,746437
595,9/12/2021,null,610036,4848,2753,115243,96351,464623,124075,131585,291929,999,45035,null,87322,2797,15057,140632,746756
596,9/13/2021,null,610224,4849,2760,115260,96492,465082,124256,131655,291929,999,45272,null,87368,2808,15057,140672,746946
597,9/14/2021,null,610491,4849,2767,115282,96529,465349,124423,131688,292145,999,45581,null,87368,2817,15057,140964,748192
598,9/15/2021,null,611222,4849,2772,115294,96563,465662,124585,131724,292372,null,45709,null,87368,2830,15065,141181,749435
599,9/16/2021,null,611283,4849,2781,115296,96731,465911,124763,131763,null,null,45808,null,87368,2849,15076,141395,751365
600,9/17/2021,null,611346,4849,2786,115383,96968,null,124928,131802,null,null,46117,null,87423,2858,15078,141588,752520
601,9/18/2021,null,611478,4849,2792,115418,97203,null,125052,131826,null,null,46422,null,87462,2874,15082,141743,754611
602,9/19/2021,null,611851,4849,2797,115457,97394,null,125223,131856,null,null,46698,null,87477,2892,15082,141805,755008
603,9/20/2021,null,612144,4849,2807,115481,97623,null,125363,131904,null,null,46903,null,87504,2916,15082,141862,755138
604,9/21/2021,null,612370,4849,2810,115506,97677,null,125519,131954,null,null,47074,null,87504,2936,15082,142124,756376
605,9/22/2021,null,612587,4849,null,115516,97720,null,125716,132004,null,null,null,null,87504,2956,15094,142338,757812
606,9/23/2021,null,612659,4849,null,115558,97986,null,125875,132037,null,null,null,null,87558,2967,15107,142533,759444
607,9/24/2021,null,null,4849,null,115597,98278,null,125998,132074,null,null,null,null,87558,2980,15109,142678,760206
608,9/25/2021,null,null,4849,null,115630,98544,null,126126,132100,null,null,null,null,87617,2998,15110,142835,762690
609,9/26/2021,null,null,4849,null,115643,98751,null,126303,132120,null,null,null,null,87647,3012,15110,142898,763142
610,9/27/2021,null,null,4849,null,115691,98993,null,126456,132161,null,null,null,null,87673,3033,15110,142945,763262
611,9/28/2021,null,null,4849,null,115707,99067,null,126616,132224,null,null,null,null,87673,3051,null,143159,764533
612,9/29/2021,null,null,4849,null,115724,99130,null,126763,132283,null,null,null,null,87673,3083,null,143360,765811
613,9/30/2021,null,null,4849,null,115795,null,null,126921,132334,null,null,null,null,87716,3103,null,143559,767433
614,10/1/2021,null,null,4849,null,115842,null,null,127053,132365,null,null,null,null,87745,3115,null,143716,768695
615,10/2/2021,null,null,4849,null,115898,null,null,127173,132391,null,null,null,null,87775,3137,null,143866,770691
616,10/3/2021,null,null,4849,null,115947,null,null,127299,132423,null,null,null,null,87804,3158,null,143927,771013
617,null,null,null,4849,null,115994,null,null,127439,132491,null,null,null,null,87810,3187,null,null,771118
618,null,null,null,4849,null,116017,null,null,127551,132551,null,null,null,null,87810,3215,null,null,null
619,null,null,null,4849,null,116032,null,null,127686,132618,null,null,null,null,87810,3244,null,null,null
620,null,null,null,4849,null,null,null,null,127809,132686,null,null,null,null,null,3274,null,null,null
621,null,null,null,4849,null,null,null,null,127918,132739,null,null,null,null,null,3298,null,null,null
622,null,null,null,4849,null,null,null,null,128042,132775,null,null,null,null,null,null,null,null,null
623,null,null,null,4849,null,null,null,null,128167,132819,null,null,null,null,null,null,null,null,null
624,null,null,null,4849,null,null,null,null,128272,132893,null,null,null,null,null,null,null,null,null
625,null,null,null,4849,null,null,null,null,128406,132965,null,null,null,null,null,null,null,null,null
626,null,null,null,4849,null,null,null,null,128531,133034,null,null,null,null,null,null,null,null,null
627,null,null,null,4849,null,null,null,null,128634,133082,null,null,null,null,null,null,null,null,null
628,null,null,null,4849,null,null,null,null,128734,133131,null,null,null,null,null,null,null,null,null
629,null,null,null,4849,null,null,null,null,128852,133177,null,null,null,null,null,null,null,null,null
630,null,null,null,4849,null,null,null,null,128956,null,null,null,null,null,null,null,null,null,null
631,null,null,null,4849,null,null,null,null,null,null,null,null,null,null,null,null,null,null,null
632,null,null,null,4849,null,null,null,null,null,null,null,null,null,null,null,null,null,null,null
633,null,null,null,4849,null,null,null,null,null,null,null,null,null,null,null,null,null,null,null
634,null,null,null,4849,null,null,null,null,null,null,null,null,null,null,null,null,null,null,null
635,null,null,null,4849,null,null,null,null,null,null,null,null,null,null,null,null,null,null,null
636,null,null,null,4849,null,null,null,null,null,null,null,null,null,null,null,null,null,null,null
637,null,null,null,4849,null,null,null,null,null,null,null,null,null,null,null,null,null,null,null
638,null,null,null,4849,null,null,null,null,null,null,null,null,null,null,null,null,null,null,null
639,null,null,null,4849,null,null,null,null,null,null,null,null,null,null,null,null,null,null,null
640,null,null,null,4849,null,null,null,null,null,null,null,null,null,null,null,null,null,null,null
641,null,null,null,4849,null,null,null,null,null,null,null,null,null,null,null,null,null,null,null
642,null,null,null,4849,null,null,null,null,null,null,null,null,null,null,null,null,null,null,null
643,null,null,null,4849,null,null,null,null,null,null,null,null,null,null,null,null,null,null,null
644,null,null,null,4849,null,null,null,null,null,null,null,null,null,null,null,null,null,null,null
645,null,null,null,4849,null,null,null,null,null,null,null,null,null,null,null,null,null,null,null
646,null,null,null,4849,null,null,null,null,null,null,null,null,null,null,null,null,null,null,null
647,null,null,null,4849,null,null,null,null,null,null,null,null,null,null,null,null,null,null,null
648,null,null,null,4849,null,null,null,null,null,null,null,null,null,null,null,null,null,null,null
649,null,null,null,4849,null,null,null,null,null,null,null,null,null,null,null,null,null,null,null
650,null,null,null,4849,null,null,null,null,null,null,null,null,null,null,null,null,null,null,null
651,null,null,null,4849,null,null,null,null,null,null,null,null,null,null,null,null,null,null,null
652,null,null,null,4849,null,null,null,null,null,null,null,null,null,null,null,null,null,null,null
653,null,null,null,4849,null,null,null,null,null,null,null,null,null,null,null,null,null,null,null
654,null,null,null,4849,null,null,null,null,null,null,null,null,null,null,null,null,null,null,null
655,null,null,null,4849,null,null,null,null,null,null,null,null,null,null,null,null,null,null,null
656,null,null,null,4849,null,null,null,null,null,null,null,null,null,null,null,null,null,null,null
657,null,null,null,4849,null,null,null,null,null,null,null,null,null,null,null,null,null,null,null
658,null,null,null,4849,null,null,null,null,null,null,null,null,null,null,null,null,null,null,null
659,null,null,null,4849,null,null,null,null,null,null,null,null,null,null,null,null,null,null,null
660,null,null,null,4849,null,null,null,null,null,null,null,null,null,null,null,null,null,null,null
661,null,null,null,4849,null,null,null,null,null,null,null,null,null,null,null,null,null,null,null
662,null,null,null,4849,null,null,null,null,null,null,null,null,null,null,null,null,null,null,null
663,null,null,null,4849,null,null,null,null,null,null,null,null,null,null,null,null,null,null,null
664,null,null,null,4849,null,null,null,null,null,null,null,null,null,null,null,null,null,null,null
665,null,null,null,4849,null,null,null,null,null,null,null,null,null,null,null,null,null,null,null